stop_id,year,average_lateness,stop_lat,stop_lon,cluster,date
7,2018,341.57676348547716,42.333043,-71.081108,5,2018-01-01
77,2018,428.00361402240696,42.34995,-71.089148,5,2018-01-01
82,2018,481.5880650994575,42.342478,-71.084701,5,2018-01-01
84,2018,474.9880737260571,42.339074,-71.080299,5,2018-01-01
87,2018,349.59559089266355,42.339459,-71.080362,5,2018-01-01
89,2018,441.9938892882818,42.342303,-71.084121,5,2018-01-01
93,2018,415.3109787234043,42.348005,-71.088033,5,2018-01-01
95,2018,366.9467817331895,42.350773,-71.089334,5,2018-01-01
97,2018,415.7923277425204,42.359349,-71.093716,5,2018-01-01
101,2018,425.8189964157706,42.362988,-71.099486,5,2018-01-01
102,2018,441.0008758927368,42.365291,-71.103404,5,2018-01-01
108,2018,417.51974040021634,42.37027,-71.112998,5,2018-01-01
114,2018,359.78184713375794,42.366114,-71.060067,5,2018-01-01
134,2018,477.3194637078132,42.320775,-71.061892,5,2018-01-01
188,2018,405.61230052813903,42.34157,-71.083092,5,2018-01-01
224,2018,426.1073326248672,42.359101,-71.051566,5,2018-01-01
378,2018,352.0885391829598,42.294378,-71.086043,5,2018-01-01
395,2018,584.9,42.323909,-71.082602,5,2018-01-01
468,2018,363.84570728246143,42.305459,-71.0807,5,2018-01-01
473,2018,381.2330103359173,42.305298,-71.080324,5,2018-01-01
478,2018,369.96646891926747,42.299101,-71.073547,5,2018-01-01
522,2018,374.80536912751677,42.30078,-71.102356,5,2018-01-01
552,2018,396.10305228165606,42.30382,-71.071992,5,2018-01-01
854,2018,450.3561151079137,42.334748,-71.07511,5,2018-01-01
892,2018,350.1357989836251,42.352649,-71.055136,5,2018-01-01
1084,2018,340.8989128900184,42.349027,-71.153531,5,2018-01-01
1111,2018,369.29873015873017,42.353931,-71.136365,5,2018-01-01
1189,2018,384.81923714759535,42.361317,-71.117952,5,2018-01-01
1195,2018,422.4978693181818,42.354278,-71.135846,5,2018-01-01
1222,2018,363.4141761052247,42.331191,-71.094468,5,2018-01-01
1292,2018,450.1274869109948,42.339199,-71.135066,5,2018-01-01
1372,2018,426.60271418984416,42.341909,-71.121143,5,2018-01-01
1378,2018,424.16985770692094,42.350034,-71.130722,5,2018-01-01
1430,2018,359.50666666666666,42.375048,-71.11234,5,2018-01-01
1515,2018,370.50046576618536,42.303753,-71.071158,5,2018-01-01
1521,2018,401.0182562902282,42.33851,-71.107918,5,2018-01-01
1526,2018,378.62215513237345,42.331857,-71.116931,5,2018-01-01
1533,2018,390.474705760892,42.329739,-71.128527,5,2018-01-01
1535,2018,389.08890264026405,42.326526,-71.143465,5,2018-01-01
1540,2018,403.92780528052805,42.32361,-71.163925,5,2018-01-01
1741,2018,386.5219971229921,42.309876,-71.091897,5,2018-01-01
1773,2018,387.6777932313398,42.349273,-71.109993,5,2018-01-01
1775,2018,524.3748645720477,42.346727,-71.105259,5,2018-01-01
1778,2018,514.1874775098956,42.340455,-71.105828,5,2018-01-01
1779,2018,340.79395503133065,42.338701,-71.107013,5,2018-01-01
1780,2018,516.2747569319409,42.337436,-71.104448,5,2018-01-01
1784,2018,404.32128190675576,42.337416,-71.095079,5,2018-01-01
1804,2018,351.30720461095103,42.339097,-71.106836,5,2018-01-01
1807,2018,346.89416315049226,42.345214,-71.104266,5,2018-01-01
1994,2018,355.01150937191716,42.346188,-71.152449,5,2018-01-01
2296,2018,351.1204568357407,42.39586,-71.128749,5,2018-01-01
2381,2018,332.5049891262633,42.401653,-71.116923,5,2018-01-01
2388,2018,339.1718578233785,42.389153,-71.097269,5,2018-01-01
2398,2018,373.373394671267,42.389067,-71.097025,5,2018-01-01
2404,2018,391.87516752824047,42.396761,-71.103896,5,2018-01-01
2412,2018,356.2750174250722,42.414151,-71.125672,5,2018-01-01
2418,2018,383.77960362513693,42.421184,-71.13678,5,2018-01-01
2439,2018,415.65016627078387,42.373018,-71.100107,5,2018-01-01
2441,2018,346.01179723502304,42.369626,-71.100892,5,2018-01-01
2444,2018,441.2594859241126,42.365266,-71.105242,5,2018-01-01
2528,2018,373.30721003134795,42.376374,-71.095322,5,2018-01-01
2531,2018,427.84224201930215,42.378346,-71.094513,5,2018-01-01
2561,2018,341.289224468902,42.363592,-71.129142,5,2018-01-01
2612,2018,395.85638986055875,42.379547,-71.095164,5,2018-01-01
2618,2018,348.3814913448735,42.383388,-71.107062,5,2018-01-01
2710,2018,365.61395535356235,42.388802,-71.086483,5,2018-01-01
2721,2018,357.8589204912734,42.388711,-71.085778,5,2018-01-01
2729,2018,404.37416431436634,42.394765,-71.097355,5,2018-01-01
2738,2018,414.19856990219444,42.401138,-71.116273,5,2018-01-01
2783,2018,491.19847003824907,42.255826,-71.124343,5,2018-01-01
2835,2018,340.56294014084506,42.373614,-71.061511,5,2018-01-01
3128,2018,508.8095608239409,42.278324,-71.027046,5,2018-01-01
3136,2018,490.47626224566693,42.286979,-71.023727,5,2018-01-01
4134,2018,480.1902173913044,42.270098,-71.073275,5,2018-01-01
4515,2018,406.9350495049505,42.42095,-71.00354,5,2018-01-01
4526,2018,559.21284215912,42.409969,-71.001815,5,2018-01-01
4717,2018,406.43634638606176,42.409734,-70.999563,5,2018-01-01
4761,2018,588.5028079371023,42.423921,-70.984702,5,2018-01-01
5002,2018,424.8732118656829,42.418553,-71.107833,5,2018-01-01
5005,2018,406.892274211099,42.421297,-71.117556,5,2018-01-01
5015,2018,359.2528597230584,42.396803,-71.122171,5,2018-01-01
5080,2018,334.3653814054415,42.428986,-71.087567,5,2018-01-01
5282,2018,341.6126984126984,42.422491,-71.092564,5,2018-01-01
5291,2018,379.3635983263598,42.411884,-71.110644,5,2018-01-01
5298,2018,386.432508361204,42.402073,-71.106406,5,2018-01-01
5303,2018,406.88048128342245,42.395076,-71.097724,5,2018-01-01
5309,2018,401.4925693274092,42.402219,-71.106442,5,2018-01-01
5316,2018,399.0692083907518,42.411952,-71.110529,5,2018-01-01
5325,2018,390.82388248302004,42.422453,-71.092252,5,2018-01-01
5342,2018,388.145966029724,42.426166,-71.067354,5,2018-01-01
5347,2018,410.9548671174713,42.421724,-71.058851,5,2018-01-01
5361,2018,497.57693625771077,42.421684,-71.058585,5,2018-01-01
5381,2018,371.9112643678161,42.427576,-71.050902,5,2018-01-01
5394,2018,372.69485294117646,42.418708,-71.065427,5,2018-01-01
5404,2018,369.7569250590509,42.403728,-71.061171,5,2018-01-01
5405,2018,342.7608085345312,42.404144,-71.061262,5,2018-01-01
5414,2018,574.5443159922929,42.418631,-71.065335,5,2018-01-01
5426,2018,609.7628667628668,42.428147,-71.051517,5,2018-01-01
5451,2018,337.852466109028,42.418786,-71.065523,5,2018-01-01
5457,2018,471.5104895104895,42.427665,-71.064714,5,2018-01-01
5466,2018,426.40882103477526,42.433668,-71.046006,5,2018-01-01
5488,2018,356.7001804165983,42.414588,-71.048785,5,2018-01-01
5496,2018,375.8513385146805,42.406827,-71.055845,5,2018-01-01
5513,2018,649.7594405594406,42.410533,-71.052194,5,2018-01-01
5524,2018,621.7049929676512,42.424677,-71.04223,5,2018-01-01
5560,2018,355.1147002936604,42.403867,-71.058531,5,2018-01-01
5565,2018,474.8469351704646,42.403864,-71.058383,5,2018-01-01
5569,2018,426.3064873148306,42.41173,-71.04559,5,2018-01-01
5577,2018,436.85282051282053,42.415556,-71.032918,5,2018-01-01
5585,2018,452.2921374221812,42.410236,-71.013618,5,2018-01-01
5695,2018,499.9909977494374,42.405955,-71.05641,5,2018-01-01
5790,2018,344.1320641582971,42.409716,-71.010688,5,2018-01-01
5867,2018,436.02349570200573,42.375083,-71.038265,5,2018-01-01
5879,2018,437.9145427286357,42.386982,-71.00499,5,2018-01-01
5907,2018,422.90342052313883,42.381133,-71.028218,5,2018-01-01
5916,2018,434.3035043804756,42.455459,-71.051823,5,2018-01-01
5921,2018,432.47902316844085,42.457933,-71.04664,5,2018-01-01
6378,2018,441.4785014899957,42.2563,-71.12069,5,2018-01-01
6390,2018,420.7576419213974,42.256279,-71.120718,5,2018-01-01
6548,2018,412.7362893815636,42.356837,-71.057414,5,2018-01-01
6550,2018,439.8483868359343,42.352188,-71.057992,5,2018-01-01
6555,2018,360.7976405876818,42.35068,-71.059655,5,2018-01-01
7094,2018,557.1408290743896,42.366635,-71.017167,5,2018-01-01
7474,2018,405.03929313929314,42.464712,-71.009667,5,2018-01-01
7529,2018,408.53007026318926,42.459904,-71.025815,5,2018-01-01
7539,2018,474.1433628318584,42.436415,-71.037855,5,2018-01-01
7542,2018,548.9781303602058,42.437407,-71.035521,5,2018-01-01
7566,2018,428.56654072208227,42.448724,-71.010965,5,2018-01-01
8281,2018,420.112402551382,42.349606,-71.065439,5,2018-01-01
8301,2018,364.6418086721782,42.436141,-71.101815,5,2018-01-01
8336,2018,475.4855028994201,42.436449,-71.033202,5,2018-01-01
8692,2018,362.78603705377316,42.431655,-71.130854,5,2018-01-01
8949,2018,571.989010989011,42.255436,-71.143062,5,2018-01-01
9021,2018,500.3521327014218,42.434125,-71.039413,5,2018-01-01
9025,2018,350.55637783944906,42.433605,-71.046025,5,2018-01-01
9060,2018,420.6529236210899,42.433544,-71.0459,5,2018-01-01
9063,2018,497.1172741679873,42.434005,-71.039596,5,2018-01-01
9233,2018,331.5207909275952,42.466597,-71.061381,5,2018-01-01
9434,2018,519.4287257019438,42.345304,-71.104558,5,2018-01-01
9441,2018,355.332131822863,42.343746,-71.102093,5,2018-01-01
10006,2018,475.490532158015,42.335814,-71.070135,5,2018-01-01
10008,2018,461.3709277071052,42.339915,-71.064356,5,2018-01-01
10590,2018,346.4587123862841,42.336621,-71.076956,5,2018-01-01
11388,2018,346.48337813913844,42.345344,-71.082045,5,2018-01-01
11735,2018,499.31326434619,42.290104,-71.082689,5,2018-01-01
11771,2018,469.9870990237099,42.36023,-71.094815,5,2018-01-01
11780,2018,536.0448678549477,42.337969,-71.102457,5,2018-01-01
12360,2018,508.53799392097267,42.415312,-71.180414,5,2018-01-01
12636,2018,410.47990196078433,42.406461,-71.132577,5,2018-01-01
12829,2018,732.9006433166547,42.371907,-71.060949,5,2018-01-01
13321,2018,486.680412371134,42.316392,-71.083219,5,2018-01-01
14717,2018,340.97809667673715,42.409782,-71.002099,5,2018-01-01
15047,2018,349.78688197767144,42.391747,-71.047492,5,2018-01-01
15431,2018,401.54773591427585,42.425461,-71.070337,5,2018-01-01
19031,2018,428.05974219137335,42.355938,-71.185299,5,2018-01-01
22173,2018,474.3179429429429,42.353995,-71.104785,5,2018-01-01
30009,2018,468.6368805848903,42.327877,-71.067901,5,2018-01-01
34579,2018,409.93649122807017,42.363061,-71.088174,5,2018-01-01
45413,2018,438.64672091910006,42.41821,-71.065671,5,2018-01-01
49999,2018,415.23880597014926,42.497147,-71.126538,5,2018-01-01
53270,2018,343.43201155462185,42.426565,-71.074107,5,2018-01-01
63241,2018,362.4683857890885,42.417797,-71.108534,5,2018-01-01
65471,2018,346.93736730360934,42.357732,-71.057373,5,2018-01-01
71855,2018,453.2207514944492,42.348245,-71.076218,5,2018-01-01
8,2019,949.3508771929825,42.331202,-71.070724,2,2019-01-01
77,2019,350.5173199635369,42.34995,-71.089148,2,2019-01-01
82,2019,405.99477628889395,42.342478,-71.084701,2,2019-01-01
84,2019,414.0183923705722,42.339074,-71.080299,2,2019-01-01
89,2019,393.7820738137083,42.342303,-71.084121,2,2019-01-01
93,2019,345.39335120386767,42.348005,-71.088033,2,2019-01-01
97,2019,338.87534758845527,42.359349,-71.093716,2,2019-01-01
101,2019,381.9407894736842,42.362988,-71.099486,2,2019-01-01
102,2019,360.47600086095565,42.365291,-71.103404,2,2019-01-01
108,2019,351.9513528065689,42.37027,-71.112998,2,2019-01-01
113,2019,484.6445012787724,42.364737,-71.062198,2,2019-01-01
114,2019,369.71369485294116,42.366114,-71.060067,2,2019-01-01
134,2019,411.5890262234842,42.320775,-71.061892,2,2019-01-01
188,2019,348.79873520816363,42.34157,-71.083092,2,2019-01-01
190,2019,486.1670951156812,42.358789,-71.056733,2,2019-01-01
224,2019,382.0756501182033,42.359101,-71.051566,2,2019-01-01
236,2019,517.3557840616967,42.359022,-71.052369,2,2019-01-01
395,2019,404.864774624374,42.323909,-71.082602,2,2019-01-01
468,2019,369.8841056005215,42.305459,-71.0807,2,2019-01-01
478,2019,367.8318983078469,42.299101,-71.073547,2,2019-01-01
552,2019,440.350930115636,42.30382,-71.071992,2,2019-01-01
854,2019,394.59735899731425,42.334748,-71.07511,2,2019-01-01
1051,2019,327.0472043267319,42.363248,-71.128518,2,2019-01-01
1077,2019,353.85360933672735,42.361858,-71.144012,2,2019-01-01
1084,2019,431.50975594837604,42.349027,-71.153531,2,2019-01-01
1111,2019,370.0042520540938,42.353931,-71.136365,2,2019-01-01
1195,2019,339.8756002233389,42.354278,-71.135846,2,2019-01-01
1292,2019,487.04330410306375,42.339199,-71.135066,2,2019-01-01
1362,2019,348.67359923171574,42.333906,-71.103897,2,2019-01-01
1372,2019,384.0937462489497,42.341909,-71.121143,2,2019-01-01
1378,2019,373.64438911719714,42.350034,-71.130722,2,2019-01-01
1521,2019,362.33445222805994,42.33851,-71.107918,2,2019-01-01
1526,2019,372.788169821068,42.331857,-71.116931,2,2019-01-01
1533,2019,367.5657281050268,42.329739,-71.128527,2,2019-01-01
1535,2019,368.080759888966,42.326526,-71.143465,2,2019-01-01
1540,2019,375.63081972877256,42.32361,-71.163925,2,2019-01-01
1663,2019,360.67470296458646,42.434571,-71.15536,2,2019-01-01
1683,2019,389.3549870313605,42.467939,-71.178331,2,2019-01-01
1687,2019,406.4086662371134,42.47988,-71.185216,2,2019-01-01
1692,2019,563.501953125,42.492411,-71.193675,2,2019-01-01
1775,2019,432.6181143281366,42.346727,-71.105259,2,2019-01-01
1778,2019,415.6544968833482,42.340455,-71.105828,2,2019-01-01
1780,2019,411.1902004454343,42.337436,-71.104448,2,2019-01-01
1994,2019,385.77919880904045,42.346188,-71.152449,2,2019-01-01
2095,2019,331.2307746182939,42.380242,-71.14372,2,2019-01-01
2181,2019,312.19997629208154,42.387214,-71.141497,2,2019-01-01
2187,2019,325.20884357845205,42.390896,-71.156152,2,2019-01-01
2358,2019,443.90616822429905,42.411246,-71.18156,2,2019-01-01
2376,2019,291.0673954073608,42.411399,-71.121671,2,2019-01-01
2398,2019,391.91808173166635,42.389067,-71.097025,2,2019-01-01
2404,2019,393.98938349785806,42.396761,-71.103896,2,2019-01-01
2410,2019,304.77431411530813,42.411509,-71.121651,2,2019-01-01
2439,2019,435.9621512109771,42.373018,-71.100107,2,2019-01-01
2441,2019,395.40603194293686,42.369626,-71.100892,2,2019-01-01
2460,2019,318.2824540836264,42.388534,-71.118917,2,2019-01-01
2528,2019,361.79024989758295,42.376374,-71.095322,2,2019-01-01
2561,2019,341.37356418563553,42.363592,-71.129142,2,2019-01-01
2597,2019,323.2181497873072,42.379497,-71.095404,2,2019-01-01
2612,2019,411.6741099936143,42.379547,-71.095164,2,2019-01-01
2618,2019,369.8612552195369,42.383388,-71.107062,2,2019-01-01
2634,2019,332.0550204167103,42.403375,-71.127338,2,2019-01-01
2664,2019,359.1492492875675,42.386828,-71.09859,2,2019-01-01
2671,2019,318.3361476650751,42.39232,-71.112537,2,2019-01-01
2710,2019,335.2348880191346,42.388802,-71.086483,2,2019-01-01
2721,2019,403.73532006048384,42.388711,-71.085778,2,2019-01-01
2729,2019,365.02399576178755,42.394765,-71.097355,2,2019-01-01
2734,2019,349.161637264005,42.397876,-71.105925,2,2019-01-01
2783,2019,430.25186766275345,42.255826,-71.124343,2,2019-01-01
2835,2019,340.18703898840886,42.373614,-71.061511,2,2019-01-01
4526,2019,436.14498189342993,42.409969,-71.001815,2,2019-01-01
4717,2019,312.7214529260316,42.409734,-70.999563,2,2019-01-01
4761,2019,483.7594589967471,42.423921,-70.984702,2,2019-01-01
5002,2019,361.47578785549575,42.418553,-71.107833,2,2019-01-01
5005,2019,323.84975961538464,42.421297,-71.117556,2,2019-01-01
5072,2019,311.9192422731805,42.426729,-71.074659,2,2019-01-01
5080,2019,359.50906959100627,42.428986,-71.087567,2,2019-01-01
5282,2019,303.3725406849648,42.422491,-71.092564,2,2019-01-01
5291,2019,341.085588384837,42.411884,-71.110644,2,2019-01-01
5298,2019,362.9031714999457,42.402073,-71.106406,2,2019-01-01
5303,2019,380.2993699761025,42.395076,-71.097724,2,2019-01-01
5309,2019,462.659533437014,42.402219,-71.106442,2,2019-01-01
5316,2019,445.0509139982824,42.411952,-71.110529,2,2019-01-01
5325,2019,497.10099609128736,42.422453,-71.092252,2,2019-01-01
5342,2019,401.40841965391235,42.426166,-71.067354,2,2019-01-01
5347,2019,420.65469786062806,42.421724,-71.058851,2,2019-01-01
5361,2019,496.74412621030535,42.421684,-71.058585,2,2019-01-01
5381,2019,405.4647473560517,42.427576,-71.050902,2,2019-01-01
5394,2019,418.2359813084112,42.418708,-71.065427,2,2019-01-01
5404,2019,423.1153159430388,42.403728,-71.061171,2,2019-01-01
5405,2019,334.31094585173133,42.404144,-71.061262,2,2019-01-01
5414,2019,541.4068246832857,42.418631,-71.065335,2,2019-01-01
5426,2019,582.7877083751757,42.428147,-71.051517,2,2019-01-01
5449,2019,364.34131434338906,42.419938,-71.066126,2,2019-01-01
5451,2019,340.7560933547942,42.418786,-71.065523,2,2019-01-01
5457,2019,285.05397727272725,42.427665,-71.064714,2,2019-01-01
5466,2019,427.60133944307364,42.433668,-71.046006,2,2019-01-01
5488,2019,338.5499743062693,42.414588,-71.048785,2,2019-01-01
5496,2019,368.6002685453214,42.406827,-71.055845,2,2019-01-01
5513,2019,597.027300112966,42.410533,-71.052194,2,2019-01-01
5524,2019,580.7406076224061,42.424677,-71.04223,2,2019-01-01
5560,2019,354.25615351068467,42.403867,-71.058531,2,2019-01-01
5565,2019,445.9828305259167,42.403864,-71.058383,2,2019-01-01
5569,2019,389.4523351158645,42.41173,-71.04559,2,2019-01-01
5577,2019,388.4860643404743,42.415556,-71.032918,2,2019-01-01
5585,2019,405.71342223927854,42.410236,-71.013618,2,2019-01-01
5666,2019,326.9680832864928,42.380368,-71.023287,2,2019-01-01
5695,2019,474.463056232512,42.405955,-71.05641,2,2019-01-01
5714,2019,300.023123699792,42.408443,-71.013505,2,2019-01-01
5854,2019,384.8387514274838,42.375152,-71.038382,2,2019-01-01
5867,2019,467.65276073619634,42.375083,-71.038265,2,2019-01-01
5879,2019,543.1262913609822,42.386982,-71.00499,2,2019-01-01
5881,2019,1260.171875,42.387193,-71.005518,2,2019-01-01
5916,2019,463.5728155339806,42.455459,-71.051823,2,2019-01-01
5921,2019,458.57883976488625,42.457933,-71.04664,2,2019-01-01
5980,2019,302.67414884001204,42.452206,-71.070158,2,2019-01-01
5991,2019,325.66877351392026,42.436927,-71.071292,2,2019-01-01
6390,2019,428.81460879080794,42.256279,-71.120718,2,2019-01-01
6548,2019,378.69427513907664,42.356837,-71.057414,2,2019-01-01
7094,2019,346.77554149894576,42.366635,-71.017167,2,2019-01-01
7529,2019,320.1013721073111,42.459904,-71.025815,2,2019-01-01
7539,2019,354.20295748613677,42.436415,-71.037855,2,2019-01-01
7542,2019,502.36344162799,42.437407,-71.035521,2,2019-01-01
7566,2019,364.44288898796253,42.448724,-71.010965,2,2019-01-01
7621,2019,507.6932773109244,42.349925,-71.229975,2,2019-01-01
8315,2019,280.66988533494265,42.428286,-71.102573,2,2019-01-01
8336,2019,384.9201821462325,42.436449,-71.033202,2,2019-01-01
9021,2019,378.6609317610671,42.434125,-71.039413,2,2019-01-01
9025,2019,304.2084515518872,42.433605,-71.046025,2,2019-01-01
9038,2019,337.1162613981763,42.411411,-71.079279,2,2019-01-01
9049,2019,291.18151785714286,42.411446,-71.079138,2,2019-01-01
9060,2019,425.1520433239283,42.433544,-71.0459,2,2019-01-01
9063,2019,397.9442751414889,42.434005,-71.039596,2,2019-01-01
9071,2019,321.889321374175,42.468798,-71.074237,2,2019-01-01
9100,2019,283.30402322687684,42.453171,-71.066339,2,2019-01-01
9188,2019,287.56194939081536,42.481388,-71.065557,2,2019-01-01
9196,2019,273.1035240040858,42.465831,-71.061664,2,2019-01-01
9199,2019,298.0859982068141,42.460637,-71.062318,2,2019-01-01
9203,2019,285.70747613284925,42.453221,-71.066468,2,2019-01-01
9226,2019,316.73969910961006,42.453018,-71.066447,2,2019-01-01
9230,2019,344.00030892801976,42.460534,-71.062229,2,2019-01-01
9233,2019,360.2983771821982,42.466597,-71.061381,2,2019-01-01
9242,2019,278.8017224695181,42.482118,-71.065858,2,2019-01-01
9251,2019,299.82402098921386,42.502471,-71.069633,2,2019-01-01
9434,2019,430.40712694877504,42.345304,-71.104558,2,2019-01-01
9441,2019,344.5415062045357,42.343746,-71.102093,2,2019-01-01
11599,2019,533.0279146141215,42.352561,-71.046914,2,2019-01-01
11735,2019,518.8884462151394,42.290104,-71.082689,2,2019-01-01
11771,2019,398.3141836582825,42.36023,-71.094815,2,2019-01-01
11780,2019,369.3821097469306,42.337969,-71.102457,2,2019-01-01
11891,2019,501.954802259887,42.357495,-71.056251,2,2019-01-01
12352,2019,374.1041214750542,42.405298,-71.164065,2,2019-01-01
12360,2019,528.410623946037,42.415312,-71.180414,2,2019-01-01
12636,2019,438.4054054054054,42.406461,-71.132577,2,2019-01-01
12829,2019,589.9212698412698,42.371907,-71.060949,2,2019-01-01
13321,2019,531.147329650092,42.316392,-71.083219,2,2019-01-01
15431,2019,377.96721689945747,42.425461,-71.070337,2,2019-01-01
15492,2019,338.52932828760646,42.410221,-71.052656,2,2019-01-01
15986,2019,326.3589865399842,42.47828,-71.100179,2,2019-01-01
15989,2019,293.4961523662947,42.494975,-71.103846,2,2019-01-01
19031,2019,373.4006103186431,42.355938,-71.185299,2,2019-01-01
22173,2019,388.54897595725737,42.353995,-71.104785,2,2019-01-01
24791,2019,336.99593160984654,42.398411,-71.146375,2,2019-01-01
28745,2019,317.05592643909813,42.394225,-71.080798,2,2019-01-01
29013,2019,398.3088803088803,42.383825,-71.076194,2,2019-01-01
30009,2019,373.9742206235012,42.327877,-71.067901,2,2019-01-01
32840,2019,336.05091132141604,42.38318,-71.071764,2,2019-01-01
34579,2019,414.72528616024977,42.363061,-71.088174,2,2019-01-01
45331,2019,299.3339494762785,42.418111,-71.065605,2,2019-01-01
45413,2019,415.0006075334143,42.41821,-71.065671,2,2019-01-01
49842,2019,363.4940340909091,42.479617,-71.117154,2,2019-01-01
49901,2019,297.0993959362987,42.479826,-71.117201,2,2019-01-01
49917,2019,421.8602999210734,42.479098,-71.151629,2,2019-01-01
49927,2019,402.5263435194942,42.468052,-71.178464,2,2019-01-01
49999,2019,405.5157421289355,42.497147,-71.126538,2,2019-01-01
53270,2019,346.23104878361625,42.426565,-71.074107,2,2019-01-01
63241,2019,335.01011306973805,42.417797,-71.108534,2,2019-01-01
71855,2019,335.63015267175575,42.348245,-71.076218,2,2019-01-01
74637,2019,325.04626181609854,42.388476,-71.023829,2,2019-01-01
2,2020,149.68224168322095,42.332324,-71.081252,1,2020-01-01
8,2020,150.9836956521739,42.331202,-71.070724,1,2020-01-01
41,2020,147.93060540799235,42.335658,-71.035628,1,2020-01-01
45,2020,140.47850327966606,42.335505,-71.044151,1,2020-01-01
114,2020,169.05126694166177,42.366114,-71.060067,1,2020-01-01
128,2020,193.86909090909091,42.327984,-71.067744,1,2020-01-01
180,2020,199.6673060156931,42.31105,-71.05668,1,2020-01-01
188,2020,147.11678851808887,42.34157,-71.083092,1,2020-01-01
214,2020,100.06785714285714,42.351012,-71.043647,1,2020-01-01
224,2020,199.72095808383233,42.359101,-71.051566,1,2020-01-01
236,2020,154.10093896713616,42.359022,-71.052369,1,2020-01-01
258,2020,108.18033409263478,42.332673,-71.05098,1,2020-01-01
275,2020,173.4977523498161,42.331565,-71.030048,1,2020-01-01
286,2020,174.56330446992746,42.332782,-71.050957,1,2020-01-01
322,2020,179.64346262522477,42.299071,-71.064001,1,2020-01-01
362,2020,195.399248434238,42.318764,-71.063583,1,2020-01-01
522,2020,204.92331288343559,42.30078,-71.102356,1,2020-01-01
562,2020,176.30052681992336,42.30397,-71.071953,1,2020-01-01
565,2020,170.01247002398082,42.306001,-71.078119,1,2020-01-01
892,2020,123.38283847300241,42.352649,-71.055136,1,2020-01-01
1070,2020,183.00041909196742,42.363284,-71.129148,1,2020-01-01
1077,2020,131.30906409971067,42.361858,-71.144012,1,2020-01-01
1111,2020,151.38961698669104,42.353931,-71.136365,1,2020-01-01
1189,2020,130.18867655447804,42.361317,-71.117952,1,2020-01-01
1235,2020,200.37152153437793,42.343248,-71.072883,1,2020-01-01
1241,2020,180.924646378054,42.351748,-71.067101,1,2020-01-01
1258,2020,109.52368624550314,42.331311,-71.094831,1,2020-01-01
1292,2020,281.00774657628995,42.339199,-71.135066,1,2020-01-01
1346,2020,250.75566025389347,42.317285,-71.086546,1,2020-01-01
1354,2020,232.17268311892886,42.310329,-71.091869,1,2020-01-01
1357,2020,255.198097518792,42.33158,-71.095246,1,2020-01-01
1362,2020,252.02351939203353,42.333906,-71.103897,1,2020-01-01
1372,2020,235.0592336765281,42.341909,-71.121143,1,2020-01-01
1378,2020,196.0150557257381,42.350034,-71.130722,1,2020-01-01
1401,2020,110.91703056768559,42.374884,-71.110198,1,2020-01-01
1404,2020,154.36006362250646,42.37359,-71.100075,1,2020-01-01
1422,2020,185.01632273903525,42.372767,-71.093143,1,2020-01-01
1425,2020,127.45957984310597,42.373716,-71.100371,1,2020-01-01
1431,2020,124.75688073394495,42.373954,-71.112665,1,2020-01-01
1468,2020,176.76749082271647,42.303639,-71.071079,1,2020-01-01
1475,2020,142.76705449482895,42.311233,-71.062553,1,2020-01-01
1480,2020,138.4929202468837,42.316363,-71.065765,1,2020-01-01
1497,2020,179.80503667626883,42.325078,-71.074964,1,2020-01-01
1508,2020,132.6169801098986,42.311094,-71.062621,1,2020-01-01
1515,2020,127.1799634085491,42.303753,-71.071158,1,2020-01-01
1518,2020,131.08229068229068,42.346894,-71.098925,1,2020-01-01
1520,2020,172.13720598717035,42.343808,-71.10228,1,2020-01-01
1521,2020,186.79156446305714,42.33851,-71.107918,1,2020-01-01
1525,2020,205.28161574313827,42.332805,-71.113834,1,2020-01-01
1526,2020,251.33016149922025,42.331857,-71.116931,1,2020-01-01
1533,2020,214.0688524590164,42.329739,-71.128527,1,2020-01-01
1535,2020,206.70717781402936,42.326526,-71.143465,1,2020-01-01
1566,2020,148.5007410151908,42.30962,-71.082454,1,2020-01-01
1569,2020,159.0467681311233,42.314494,-71.078817,1,2020-01-01
1576,2020,158.71250308870768,42.324862,-71.075227,1,2020-01-01
1577,2020,221.41190397895429,42.32505,-71.075288,1,2020-01-01
1583,2020,220.18984431452407,42.314697,-71.078834,1,2020-01-01
1586,2020,212.01065228826934,42.310143,-71.082173,1,2020-01-01
1663,2020,212.38295815495098,42.434571,-71.15536,1,2020-01-01
2020,2020,134.72796921212986,42.373515,-71.12327,1,2020-01-01
2025,2020,166.40026915149141,42.374987,-71.134068,1,2020-01-01
2030,2020,156.7440229135938,42.374974,-71.148307,1,2020-01-01
2077,2020,128.64680545585068,42.375543,-71.145767,1,2020-01-01
2080,2020,168.91824426202044,42.380218,-71.14328,1,2020-01-01
2095,2020,277.33720056756533,42.380242,-71.14372,1,2020-01-01
2148,2020,177.7235469448584,42.390758,-71.156875,1,2020-01-01
2154,2020,138.9309809540868,42.387142,-71.14201,1,2020-01-01
2159,2020,111.65747485258412,42.382321,-71.130977,1,2020-01-01
2170,2020,253.15876577840112,42.376891,-71.122342,1,2020-01-01
2176,2020,272.5609123898393,42.382317,-71.130813,1,2020-01-01
2181,2020,284.98444680098976,42.387214,-71.141497,1,2020-01-01
2187,2020,253.86510441962116,42.390896,-71.156152,1,2020-01-01
2191,2020,241.37829449475933,42.391782,-71.161205,1,2020-01-01
2271,2020,101.71738147623496,42.397954,-71.130684,1,2020-01-01
2283,2020,205.13155117833276,42.415673,-71.153427,1,2020-01-01
2310,2020,108.86704649042844,42.377805,-71.119941,1,2020-01-01
2316,2020,155.63209515859765,42.389308,-71.119806,1,2020-01-01
2353,2020,222.22868217054264,42.406193,-71.163768,1,2020-01-01
2358,2020,353.96219281663514,42.411246,-71.18156,1,2020-01-01
2376,2020,212.38964683115626,42.411399,-71.121671,1,2020-01-01
2398,2020,273.10603253036857,42.389067,-71.097025,1,2020-01-01
2404,2020,259.7366474938373,42.396761,-71.103896,1,2020-01-01
2405,2020,116.11995123502598,42.401721,-71.116808,1,2020-01-01
2410,2020,134.27782707285812,42.411509,-71.121651,1,2020-01-01
2412,2020,136.29994046652595,42.414151,-71.125672,1,2020-01-01
2418,2020,139.1749041214282,42.421184,-71.13678,1,2020-01-01
2430,2020,186.3599183742879,42.388424,-71.118904,1,2020-01-01
2439,2020,188.65189712248537,42.373018,-71.100107,1,2020-01-01
2441,2020,207.06438460885076,42.369626,-71.100892,1,2020-01-01
2448,2020,149.8980940934066,42.369203,-71.101015,1,2020-01-01
2451,2020,175.00645105797352,42.373437,-71.100422,1,2020-01-01
2460,2020,144.13435782967034,42.388534,-71.118917,1,2020-01-01
2528,2020,180.3255439161966,42.376374,-71.095322,1,2020-01-01
2553,2020,91.93755256996067,42.364643,-71.127933,1,2020-01-01
2577,2020,122.41977549237077,42.403329,-71.12751,1,2020-01-01
2581,2020,148.31297555720153,42.39693,-71.122971,1,2020-01-01
2591,2020,85.03274061529777,42.383284,-71.107022,1,2020-01-01
2607,2020,141.27864958249353,42.377092,-71.088178,1,2020-01-01
2612,2020,216.61627524004965,42.379547,-71.095164,1,2020-01-01
2618,2020,185.53876985862118,42.383388,-71.107062,1,2020-01-01
2634,2020,123.7579121242154,42.403375,-71.127338,1,2020-01-01
2664,2020,178.98010616659226,42.386828,-71.09859,1,2020-01-01
2671,2020,140.69243627246135,42.39232,-71.112537,1,2020-01-01
2677,2020,144.70514077601905,42.392088,-71.11225,1,2020-01-01
2684,2020,105.79663147310207,42.386815,-71.098864,1,2020-01-01
2691,2020,102.89938080495357,42.402309,-71.12519,1,2020-01-01
2695,2020,111.92605633802818,42.400979,-71.115776,1,2020-01-01
2699,2020,115.30075406032482,42.397544,-71.105186,1,2020-01-01
2703,2020,163.32843613404566,42.394942,-71.098178,1,2020-01-01
2721,2020,257.6154190277364,42.388711,-71.085778,1,2020-01-01
2729,2020,251.77592255278958,42.394765,-71.097355,1,2020-01-01
2734,2020,247.76020471851206,42.397876,-71.105925,1,2020-01-01
2738,2020,279.7431885827673,42.401138,-71.116273,1,2020-01-01
2821,2020,173.22622135754432,42.383307,-71.071852,1,2020-01-01
2835,2020,102.26132046411335,42.373614,-71.061511,1,2020-01-01
2844,2020,118.17719320812967,42.383268,-71.07149,1,2020-01-01
2850,2020,196.12345679012347,42.378284,-71.060779,1,2020-01-01
2855,2020,172.28580932739007,42.373222,-71.060875,1,2020-01-01
2922,2020,175.03753867709733,42.301806,-71.086667,1,2020-01-01
2925,2020,174.37967351237492,42.305402,-71.080253,1,2020-01-01
2931,2020,148.8181445232374,42.31118,-71.070077,1,2020-01-01
4526,2020,161.06222547584187,42.409969,-71.001815,1,2020-01-01
4733,2020,157.6681692298627,42.409697,-71.000379,1,2020-01-01
5002,2020,83.40705197325858,42.418553,-71.107833,1,2020-01-01
5005,2020,129.65745625321668,42.421297,-71.117556,1,2020-01-01
5034,2020,187.35570273692412,42.412063,-71.110828,1,2020-01-01
5045,2020,102.1248322147651,42.39621,-71.041468,1,2020-01-01
5072,2020,129.42403506417998,42.426729,-71.074659,1,2020-01-01
5080,2020,189.4850290368806,42.428986,-71.087567,1,2020-01-01
5089,2020,113.9323284027246,42.33556,-71.072264,1,2020-01-01
5104,2020,151.66062694414478,42.396646,-71.121879,1,2020-01-01
5264,2020,94.31870567375887,42.423833,-71.089799,1,2020-01-01
5282,2020,124.28468155859177,42.422491,-71.092564,1,2020-01-01
5291,2020,86.40400027876507,42.411884,-71.110644,1,2020-01-01
5306,2020,121.47,42.397463,-71.09993,1,2020-01-01
5309,2020,267.0838442786437,42.402219,-71.106442,1,2020-01-01
5316,2020,217.6699155663852,42.411952,-71.110529,1,2020-01-01
5325,2020,197.6248518957346,42.422453,-71.092252,1,2020-01-01
5327,2020,88.54494863013699,42.426507,-71.073919,1,2020-01-01
5333,2020,69.27389705882354,42.42326,-71.090929,1,2020-01-01
5342,2020,184.8919391689276,42.426166,-71.067354,1,2020-01-01
5347,2020,192.10991268618386,42.421724,-71.058851,1,2020-01-01
5381,2020,260.0140455906056,42.427576,-71.050902,1,2020-01-01
5394,2020,262.07539410555177,42.418708,-71.065427,1,2020-01-01
5404,2020,113.11325093417649,42.403728,-71.061171,1,2020-01-01
5405,2020,186.49196073228973,42.404144,-71.061262,1,2020-01-01
5414,2020,298.58610778443114,42.418631,-71.065335,1,2020-01-01
5426,2020,279.51218369259607,42.428147,-71.051517,1,2020-01-01
5436,2020,82.00955045340537,42.433625,-71.046151,1,2020-01-01
5449,2020,131.46356127778452,42.419938,-71.066126,1,2020-01-01
5451,2020,163.1590341901672,42.418786,-71.065523,1,2020-01-01
5457,2020,267.848167539267,42.427665,-71.064714,1,2020-01-01
5466,2020,107.1891287436795,42.433668,-71.046006,1,2020-01-01
5481,2020,125.1110004357841,42.424878,-71.042284,1,2020-01-01
5488,2020,149.43503422526447,42.414588,-71.048785,1,2020-01-01
5496,2020,73.01432195911164,42.406827,-71.055845,1,2020-01-01
5513,2020,159.55177129460796,42.410533,-71.052194,1,2020-01-01
5524,2020,105.19159083777848,42.424677,-71.04223,1,2020-01-01
5547,2020,72.01783509003705,42.415658,-71.033547,1,2020-01-01
5560,2020,78.43647078261827,42.403867,-71.058531,1,2020-01-01
5565,2020,199.42677489424946,42.403864,-71.058383,1,2020-01-01
5569,2020,167.9592492831697,42.41173,-71.04559,1,2020-01-01
5577,2020,132.40240083507308,42.415556,-71.032918,1,2020-01-01
5585,2020,139.90315934065933,42.410236,-71.013618,1,2020-01-01
5597,2020,78.106529209622,42.403055,-71.036281,1,2020-01-01
5611,2020,126.21451926893346,42.388714,-71.042267,1,2020-01-01
5666,2020,101.4852274251979,42.380368,-71.023287,1,2020-01-01
5695,2020,184.51451674277016,42.405955,-71.05641,1,2020-01-01
5714,2020,146.44233378561736,42.408443,-71.013505,1,2020-01-01
5790,2020,250.021875,42.409716,-71.010688,1,2020-01-01
5832,2020,111.35789687373122,42.416671,-71.016946,1,2020-01-01
5854,2020,213.37325581395348,42.375152,-71.038382,1,2020-01-01
5862,2020,116.42348882340258,42.366524,-71.030532,1,2020-01-01
5867,2020,208.1185379473729,42.375083,-71.038265,1,2020-01-01
5879,2020,239.70529662789724,42.386982,-71.00499,1,2020-01-01
5907,2020,199.69494382022472,42.381133,-71.028218,1,2020-01-01
5916,2020,336.3350357507661,42.455459,-71.051823,1,2020-01-01
5921,2020,332.3447570332481,42.457933,-71.04664,1,2020-01-01
5980,2020,129.75,42.452206,-71.070158,1,2020-01-01
5991,2020,135.71753895325608,42.436927,-71.071292,1,2020-01-01
6548,2020,223.15730492051998,42.356837,-71.057414,1,2020-01-01
7096,2020,115.21752393314944,42.3745,-71.029541,1,2020-01-01
7542,2020,287.4495082753658,42.437407,-71.035521,1,2020-01-01
7621,2020,359.38,42.349925,-71.229975,1,2020-01-01
7797,2020,573.4791666666666,42.377103,-71.235824,1,2020-01-01
8281,2020,153.75103519668738,42.349606,-71.065439,1,2020-01-01
8311,2020,129.56624775583484,42.424274,-71.089893,1,2020-01-01
8315,2020,151.43348512741014,42.428286,-71.102573,1,2020-01-01
8848,2020,530.5408163265306,42.376646,-71.265379,1,2020-01-01
9025,2020,71.27845315447496,42.433605,-71.046025,1,2020-01-01
9038,2020,95.56814572629612,42.411411,-71.079279,1,2020-01-01
9042,2020,141.77252727912708,42.409581,-71.084645,1,2020-01-01
9049,2020,197.5014679976512,42.411446,-71.079138,1,2020-01-01
9060,2020,192.1060939390606,42.433544,-71.0459,1,2020-01-01
9063,2020,133.3512252042007,42.434005,-71.039596,1,2020-01-01
9071,2020,208.2226510067114,42.468798,-71.074237,1,2020-01-01
9077,2020,115.94091766184789,42.460717,-71.061884,1,2020-01-01
9085,2020,116.11764705882354,42.459017,-71.047955,1,2020-01-01
9091,2020,129.08274534958306,42.455539,-71.051934,1,2020-01-01
9100,2020,116.69095477386935,42.453171,-71.066339,1,2020-01-01
9162,2020,168.62711559236587,42.409998,-71.085185,1,2020-01-01
9179,2020,120.2324973876698,42.502413,-71.06981,1,2020-01-01
9188,2020,135.24442164657606,42.481388,-71.065557,1,2020-01-01
9196,2020,136.72181008902078,42.465831,-71.061664,1,2020-01-01
9199,2020,107.71717945910434,42.460637,-71.062318,1,2020-01-01
9203,2020,64.74893617021277,42.453221,-71.066468,1,2020-01-01
9226,2020,201.56108942005523,42.453018,-71.066447,1,2020-01-01
9230,2020,196.50662346326123,42.460534,-71.062229,1,2020-01-01
9233,2020,192.4000950118765,42.466597,-71.061381,1,2020-01-01
9242,2020,110.91863238802014,42.482118,-71.065858,1,2020-01-01
9326,2020,129.0024954627949,42.436901,-71.071145,1,2020-01-01
9328,2020,82.36646601086478,42.436807,-71.070338,1,2020-01-01
10011,2020,174.89465775039446,42.340162,-71.064227,1,2020-01-01
10590,2020,148.58986401616514,42.336621,-71.076956,1,2020-01-01
11241,2020,116.48808253290643,42.330107,-71.062519,1,2020-01-01
11257,2020,138.90538258125054,42.331197,-71.092692,1,2020-01-01
11323,2020,153.92307692307693,42.330801,-71.089207,1,2020-01-01
11384,2020,142.75166681097932,42.347346,-71.075956,1,2020-01-01
11391,2020,109.7668580434538,42.347559,-71.087141,1,2020-01-01
11408,2020,91.72644849322165,42.372801,-71.094184,1,2020-01-01
11599,2020,173.37250293772033,42.352561,-71.046914,1,2020-01-01
11735,2020,364.65203883495144,42.290104,-71.082689,1,2020-01-01
12352,2020,208.10308273425125,42.405298,-71.164065,1,2020-01-01
12439,2020,151.52243778169705,42.37378,-71.097963,1,2020-01-01
12451,2020,126.22226436563626,42.373622,-71.097843,1,2020-01-01
12645,2020,194.77703327171903,42.414341,-71.150282,1,2020-01-01
12829,2020,366.99743754003845,42.371907,-71.060949,1,2020-01-01
13321,2020,478.4020618556701,42.316392,-71.083219,1,2020-01-01
15047,2020,109.29806098773616,42.391747,-71.047492,1,2020-01-01
15058,2020,64.55935598753524,42.453002,-71.089342,1,2020-01-01
15431,2020,109.06659188252091,42.425461,-71.070337,1,2020-01-01
15492,2020,87.17293572072653,42.410221,-71.052656,1,2020-01-01
15975,2020,165.74352786309785,42.452833,-71.071903,1,2020-01-01
15986,2020,175.9578519469405,42.47828,-71.100179,1,2020-01-01
16305,2020,125.35146022155085,42.421556,-71.13485,1,2020-01-01
17091,2020,125.18196296411953,42.364612,-71.020862,1,2020-01-01
17093,2020,112.01313146917967,42.362099,-71.017983,1,2020-01-01
17094,2020,116.79038355997317,42.366494,-71.017289,1,2020-01-01
17095,2020,111.51352478551001,42.369344,-71.020238,1,2020-01-01
23151,2020,89.72784952907337,42.388034,-71.119253,1,2020-01-01
24481,2020,130.45369184805804,42.369191,-71.100863,1,2020-01-01
24791,2020,152.05934403020294,42.398411,-71.146375,1,2020-01-01
27092,2020,135.9540980645938,42.3621,-71.01882,1,2020-01-01
28281,2020,255.3864030170217,42.37226,-71.061979,1,2020-01-01
28746,2020,101.78556929322754,42.394706,-71.081102,1,2020-01-01
29008,2020,97.38303658141794,42.384062,-71.076342,1,2020-01-01
30294,2020,176.51457055214723,42.339547,-71.057089,1,2020-01-01
31391,2020,240.42164179104478,42.341443,-71.086788,1,2020-01-01
40001,2020,121.0205239750164,42.325557,-71.083487,1,2020-01-01
45002,2020,70.10657766012545,42.417653,-71.106038,1,2020-01-01
45331,2020,222.59865303068096,42.418111,-71.065605,1,2020-01-01
45413,2020,158.13276553106212,42.41821,-71.065671,1,2020-01-01
49158,2020,86.31635486367153,42.408357,-71.091567,1,2020-01-01
51317,2020,171.8136200716846,42.337711,-71.095172,1,2020-01-01
53270,2020,67.53510336250793,42.426565,-71.074107,1,2020-01-01
56170,2020,122.132802124834,42.393967,-71.032845,1,2020-01-01
63241,2020,131.228158564943,42.417797,-71.108534,1,2020-01-01
71391,2020,206.27898550724638,42.337684,-71.096046,1,2020-01-01
74611,2020,163.68151226622834,42.352271,-71.055242,1,2020-01-01
74612,2020,187.73073820088746,42.35245,-71.04685,1,2020-01-01
74613,2020,188.22863891830252,42.34863,-71.04246,1,2020-01-01
74624,2020,179.13648308154814,42.347066,-71.037969,1,2020-01-01
74633,2020,99.84801516125758,42.395638,-71.034599,1,2020-01-01
74635,2020,112.48350786233243,42.394168,-71.028452,1,2020-01-01
74637,2020,151.1660450437527,42.388476,-71.023829,1,2020-01-01
85568,2020,552.2,42.277802,-71.167005,1,2020-01-01
88591,2020,288.92285714285714,42.505811,-71.147136,1,2020-01-01
91317,2020,144.46453900709218,42.341244,-71.08651,1,2020-01-01
2,2021,209.11894500948114,42.332324,-71.081252,0,2021-01-01
7,2021,277.6580673371229,42.333043,-71.081108,0,2021-01-01
8,2021,345.6657381615599,42.331202,-71.070724,0,2021-01-01
20,2021,280.31762894534256,42.335377,-71.045728,0,2021-01-01
25,2021,233.3723030749193,42.335567,-71.03554,0,2021-01-01
59,2021,237.06957068265325,42.336295,-71.076941,0,2021-01-01
62,2021,244.1703283200629,42.332045,-71.081738,0,2021-01-01
93,2021,331.5415607985481,42.348005,-71.088033,0,2021-01-01
97,2021,320.56214620929893,42.359349,-71.093716,0,2021-01-01
102,2021,339.20311023908147,42.365291,-71.103404,0,2021-01-01
108,2021,327.63729060451567,42.37027,-71.112998,0,2021-01-01
122,2021,211.973555337904,42.321113,-71.056267,0,2021-01-01
128,2021,239.95266468056934,42.327984,-71.067744,0,2021-01-01
134,2021,278.1853051483123,42.320775,-71.061892,0,2021-01-01
136,2021,365.55962246777165,42.32095,-71.056004,0,2021-01-01
150,2021,226.49735717676847,42.342556,-71.057015,0,2021-01-01
180,2021,241.14667033571823,42.31105,-71.05668,0,2021-01-01
187,2021,222.31935905504187,42.341553,-71.083328,0,2021-01-01
188,2021,301.36076960309776,42.34157,-71.083092,0,2021-01-01
258,2021,290.4904089311047,42.332673,-71.05098,0,2021-01-01
268,2021,318.45088676671213,42.331676,-71.029247,0,2021-01-01
286,2021,240.38644552473548,42.332782,-71.050957,0,2021-01-01
362,2021,219.33093252463988,42.318764,-71.063583,0,2021-01-01
552,2021,372.6656298600311,42.30382,-71.071992,0,2021-01-01
574,2021,323.4663207264744,42.271399,-71.074869,0,2021-01-01
795,2021,356.68918918918916,42.285956,-71.129553,0,2021-01-01
903,2021,213.30615587659966,42.357134,-71.185943,0,2021-01-01
912,2021,262.0098376532355,42.350468,-71.168767,0,2021-01-01
918,2021,318.8068196063683,42.349043,-71.154176,0,2021-01-01
925,2021,253.45257234726688,42.353091,-71.13843,0,2021-01-01
926,2021,274.5662943815199,42.353347,-71.136687,0,2021-01-01
931,2021,373.35091972408276,42.35214,-71.126219,0,2021-01-01
937,2021,391.39285714285717,42.350075,-71.108712,0,2021-01-01
954,2021,271.24790938117684,42.350453,-71.108831,0,2021-01-01
959,2021,338.62603850304964,42.352224,-71.123515,0,2021-01-01
966,2021,371.27481569560047,42.353442,-71.137948,0,2021-01-01
973,2021,416.4411794028214,42.349206,-71.15404,0,2021-01-01
979,2021,421.12493070604245,42.350609,-71.168636,0,2021-01-01
987,2021,384.84841603525416,42.355606,-71.182247,0,2021-01-01
1051,2021,200.85696425083023,42.363248,-71.128518,0,2021-01-01
1070,2021,201.51974931331966,42.363284,-71.129148,0,2021-01-01
1111,2021,300.25731336624,42.353931,-71.136365,0,2021-01-01
1160,2021,365.9906787390714,42.319449,-71.111798,0,2021-01-01
1165,2021,226.556050955414,42.316446,-71.097563,0,2021-01-01
1187,2021,227.61016061452514,42.315596,-71.098606,0,2021-01-01
1190,2021,267.7809555854643,42.35889,-71.123853,0,2021-01-01
1235,2021,214.46551240056152,42.343248,-71.072883,0,2021-01-01
1241,2021,220.79464619992513,42.351748,-71.067101,0,2021-01-01
1292,2021,340.39848391723007,42.339199,-71.135066,0,2021-01-01
1302,2021,218.58412870082466,42.350621,-71.131245,0,2021-01-01
1308,2021,203.6019569683209,42.342499,-71.121845,0,2021-01-01
1317,2021,202.73210009988097,42.333494,-71.106036,0,2021-01-01
1346,2021,258.5969230769231,42.317285,-71.086546,0,2021-01-01
1354,2021,224.09935530517564,42.310329,-71.091869,0,2021-01-01
1357,2021,260.29224774956333,42.33158,-71.095246,0,2021-01-01
1362,2021,293.0363752054722,42.333906,-71.103897,0,2021-01-01
1363,2021,340.87469038504844,42.333665,-71.105931,0,2021-01-01
1372,2021,298.25884316790757,42.341909,-71.121143,0,2021-01-01
1378,2021,295.4655300222387,42.350034,-71.130722,0,2021-01-01
1480,2021,213.4673298823792,42.316363,-71.065765,0,2021-01-01
1497,2021,248.3899103595803,42.325078,-71.074964,0,2021-01-01
1520,2021,197.19527145359018,42.343808,-71.10228,0,2021-01-01
1521,2021,251.94825669530067,42.33851,-71.107918,0,2021-01-01
1525,2021,272.0612020766773,42.332805,-71.113834,0,2021-01-01
1526,2021,279.1363645927578,42.331857,-71.116931,0,2021-01-01
1533,2021,309.6966608425548,42.329739,-71.128527,0,2021-01-01
1535,2021,331.19871919270327,42.326526,-71.143465,0,2021-01-01
1540,2021,340.0726566294318,42.32361,-71.163925,0,2021-01-01
1555,2021,230.7280915204975,42.331641,-71.116532,0,2021-01-01
1563,2021,189.17565540824285,42.346694,-71.098982,0,2021-01-01
1577,2021,208.52640607768654,42.32505,-71.075288,0,2021-01-01
1761,2021,289.06488369903,42.328658,-71.110231,0,2021-01-01
1773,2021,194.99590785783255,42.349273,-71.109993,0,2021-01-01
1779,2021,228.45692103196183,42.338701,-71.107013,0,2021-01-01
1784,2021,200.4526312208729,42.337416,-71.095079,0,2021-01-01
1799,2021,212.47169582118562,42.337523,-71.095101,0,2021-01-01
1804,2021,267.46559110872096,42.339097,-71.106836,0,2021-01-01
1807,2021,194.9095885239713,42.345214,-71.104266,0,2021-01-01
1939,2021,345.68938220991345,42.309949,-71.115345,0,2021-01-01
1994,2021,284.7539450241792,42.346188,-71.152449,0,2021-01-01
2095,2021,242.13745733788397,42.380242,-71.14372,0,2021-01-01
2170,2021,238.2271221083274,42.376891,-71.122342,0,2021-01-01
2176,2021,250.17757407802173,42.382317,-71.130813,0,2021-01-01
2181,2021,278.6948967998485,42.387214,-71.141497,0,2021-01-01
2187,2021,265.66650974484514,42.390896,-71.156152,0,2021-01-01
2191,2021,216.22673826497547,42.391782,-71.161205,0,2021-01-01
2271,2021,255.34959480319012,42.397954,-71.130684,0,2021-01-01
2277,2021,214.87579656126007,42.406066,-71.142554,0,2021-01-01
2320,2021,399.5718206770357,42.394514,-71.126799,0,2021-01-01
2321,2021,391.22222222222223,42.396361,-71.12889,0,2021-01-01
2353,2021,227.85306427503738,42.406193,-71.163768,0,2021-01-01
2398,2021,227.53954848140327,42.389067,-71.097025,0,2021-01-01
2404,2021,252.07506898230807,42.396761,-71.103896,0,2021-01-01
2561,2021,184.2851041510565,42.363592,-71.129142,0,2021-01-01
2618,2021,217.08829608577702,42.383388,-71.107062,0,2021-01-01
2721,2021,234.56746826987307,42.388711,-71.085778,0,2021-01-01
2738,2021,267.0940725098891,42.401138,-71.116273,0,2021-01-01
2783,2021,312.78705560619875,42.255826,-71.124343,0,2021-01-01
2910,2021,208.60619635754657,42.317228,-71.065045,0,2021-01-01
2919,2021,215.58496346924346,42.305519,-71.080507,0,2021-01-01
2922,2021,234.6600551178046,42.301806,-71.086667,0,2021-01-01
2925,2021,277.97158088517295,42.305402,-71.080253,0,2021-01-01
2931,2021,305.2692292952133,42.31118,-71.070077,0,2021-01-01
2933,2021,395.2743474761412,42.317122,-71.064572,0,2021-01-01
2935,2021,230.37959980035393,42.319915,-71.062177,0,2021-01-01
3067,2021,219.10383461153717,42.297184,-71.056392,0,2021-01-01
3128,2021,316.5426626826029,42.278324,-71.027046,0,2021-01-01
3136,2021,297.23794888385635,42.286979,-71.023727,0,2021-01-01
3382,2021,242.05619816673942,42.271453,-71.047956,0,2021-01-01
3476,2021,356.28499242041437,42.264971,-71.020386,0,2021-01-01
5089,2021,219.8107849393746,42.33556,-71.072264,0,2021-01-01
5245,2021,230.68487295179293,42.300839,-71.127376,0,2021-01-01
5256,2021,248.03060135215276,42.287538,-71.14698,0,2021-01-01
5325,2021,279.89000125928726,42.422453,-71.092252,0,2021-01-01
5790,2021,470.4608150470219,42.409716,-71.010688,0,2021-01-01
6368,2021,411.13527167749254,42.267439,-71.094318,0,2021-01-01
6378,2021,293.6359161349134,42.2563,-71.12069,0,2021-01-01
6390,2021,476.90785498489424,42.256279,-71.120718,0,2021-01-01
6460,2021,513.9996073812329,42.280681,-71.120534,0,2021-01-01
6548,2021,269.5938705438515,42.356837,-71.057414,0,2021-01-01
6550,2021,362.36531703590526,42.352188,-71.057992,0,2021-01-01
6555,2021,238.31602170715627,42.35068,-71.059655,0,2021-01-01
7542,2021,364.248646697943,42.437407,-71.035521,0,2021-01-01
8394,2021,301.4217719132894,42.283723,-71.169493,0,2021-01-01
8476,2021,307.96646197449223,42.292343,-71.183913,0,2021-01-01
8486,2021,328.5365393682225,42.298252,-71.185078,0,2021-01-01
8495,2021,307.27720334810436,42.312107,-71.196478,0,2021-01-01
8504,2021,385.43492664458114,42.329848,-71.194786,0,2021-01-01
8511,2021,397.7469194312796,42.34502,-71.18996,0,2021-01-01
8522,2021,288.81467181467184,42.344935,-71.19017,0,2021-01-01
8528,2021,354.84896584896586,42.32989,-71.19488,0,2021-01-01
8537,2021,399.8440057775638,42.312077,-71.196618,0,2021-01-01
8545,2021,390.35748792270533,42.298139,-71.185086,0,2021-01-01
8554,2021,390.6744073536526,42.292321,-71.183769,0,2021-01-01
8949,2021,312.5835616438356,42.255436,-71.143062,0,2021-01-01
9441,2021,332.94779477947793,42.343746,-71.102093,0,2021-01-01
10006,2021,350.75318912922904,42.335814,-71.070135,0,2021-01-01
10008,2021,341.0811997526283,42.339915,-71.064356,0,2021-01-01
10011,2021,226.61234071093227,42.340162,-71.064227,0,2021-01-01
10424,2021,467.96234880998827,42.278467,-71.116716,0,2021-01-01
10590,2021,268.371142165819,42.336621,-71.076956,0,2021-01-01
11241,2021,205.16273571469264,42.330107,-71.062519,0,2021-01-01
11323,2021,292.77272727272725,42.330801,-71.089207,0,2021-01-01
11384,2021,290.91850989522703,42.347346,-71.075956,0,2021-01-01
11388,2021,337.0911366733213,42.345344,-71.082045,0,2021-01-01
11389,2021,222.80773534559435,42.345355,-71.081535,0,2021-01-01
11735,2021,348.35310621242485,42.290104,-71.082689,0,2021-01-01
11839,2021,238.76494023904382,42.300091,-71.169801,0,2021-01-01
12352,2021,232.45646014355876,42.405298,-71.164065,0,2021-01-01
12829,2021,317.35078534031413,42.371907,-71.060949,0,2021-01-01
13321,2021,643.2294776119403,42.316392,-71.083219,0,2021-01-01
19031,2021,401.82836879432625,42.355938,-71.185299,0,2021-01-01
21772,2021,192.2984866587017,42.354929,-71.10512,0,2021-01-01
22751,2021,229.32455675467335,42.401469,-71.136788,0,2021-01-01
26500,2021,295.3414104882459,42.278388,-71.116358,0,2021-01-01
28281,2021,251.8631354026091,42.37226,-71.061979,0,2021-01-01
29051,2021,241.02385259817973,42.327382,-71.061681,0,2021-01-01
30294,2021,291.5402057168836,42.339547,-71.057089,0,2021-01-01
31365,2021,361.70730507501844,42.326625,-71.111437,0,2021-01-01
31391,2021,304.8775510204082,42.341443,-71.086788,0,2021-01-01
36541,2021,276.8583017847485,42.343942,-71.065731,0,2021-01-01
41187,2021,227.5404854764538,42.309302,-71.1048,0,2021-01-01
41391,2021,325.49847494553376,42.340553,-71.088908,0,2021-01-01
45003,2021,265.2204120747484,42.418173,-71.106435,0,2021-01-01
49917,2021,331.9923753665689,42.479098,-71.151629,0,2021-01-01
49927,2021,322.75504484304935,42.468052,-71.178464,0,2021-01-01
65741,2021,200.5501492292106,42.329401,-71.11093,0,2021-01-01
71855,2021,338.5011166648942,42.348245,-71.076218,0,2021-01-01
81317,2021,199.89955767463235,42.34016,-71.088899,0,2021-01-01
85565,2021,384.32962245885767,42.283778,-71.169626,0,2021-01-01
85568,2021,268.6936936936937,42.277802,-71.167005,0,2021-01-01
91391,2021,378.52525168483237,42.336067,-71.100187,0,2021-01-01
7,2022,484.21307523739955,42.333043,-71.081108,4,2022-01-01
20,2022,448.90835354760463,42.335377,-71.045728,4,2022-01-01
21,2022,404.35464787670975,42.335423,-71.044136,4,2022-01-01
25,2022,437.32853765424977,42.335567,-71.03554,4,2022-01-01
59,2022,450.36716480963196,42.336295,-71.076941,4,2022-01-01
62,2022,431.3437633947707,42.332045,-71.081738,4,2022-01-01
75,2022,317.58499986720847,42.358673,-71.093551,4,2022-01-01
79,2022,395.0916790175736,42.347671,-71.088092,4,2022-01-01
93,2022,440.8520842671448,42.348005,-71.088033,4,2022-01-01
97,2022,473.19136747624077,42.359349,-71.093716,4,2022-01-01
102,2022,514.6771089433473,42.365291,-71.103404,4,2022-01-01
108,2022,492.9551193633952,42.37027,-71.112998,4,2022-01-01
121,2022,332.5500064619759,42.320511,-71.05178,4,2022-01-01
134,2022,619.8505516549649,42.320775,-71.061892,4,2022-01-01
136,2022,470.87760622112023,42.32095,-71.056004,4,2022-01-01
142,2022,319.93829845066597,42.317207,-71.040611,4,2022-01-01
150,2022,309.9232456716496,42.342556,-71.057015,4,2022-01-01
151,2022,375.9269558244298,42.342664,-71.056949,4,2022-01-01
180,2022,377.8745532523231,42.31105,-71.05668,4,2022-01-01
187,2022,430.9592559319347,42.341553,-71.083328,4,2022-01-01
188,2022,382.7377295756808,42.34157,-71.083092,4,2022-01-01
190,2022,334.4891075193254,42.358789,-71.056733,4,2022-01-01
243,2022,502.16602809706256,42.348896,-71.039266,4,2022-01-01
258,2022,495.38130573049824,42.332673,-71.05098,4,2022-01-01
268,2022,540.0465101602928,42.331676,-71.029247,4,2022-01-01
286,2022,333.2013639626705,42.332782,-71.050957,4,2022-01-01
362,2022,303.4350591051923,42.318764,-71.063583,4,2022-01-01
536,2022,352.986798679868,42.282077,-71.065378,4,2022-01-01
550,2022,761.8143604841348,42.305093,-71.076623,4,2022-01-01
552,2022,709.0142875868397,42.30382,-71.071992,4,2022-01-01
562,2022,315.5157224179995,42.30397,-71.071953,4,2022-01-01
565,2022,357.3774044974262,42.306001,-71.078119,4,2022-01-01
574,2022,383.42321712309564,42.271399,-71.074869,4,2022-01-01
879,2022,331.2533437013997,42.336114,-71.035539,4,2022-01-01
886,2022,328.44886540254896,42.336037,-71.03534,4,2022-01-01
890,2022,319.7483540232196,42.347405,-71.044125,4,2022-01-01
892,2022,324.34062626353386,42.352649,-71.055136,4,2022-01-01
903,2022,331.84851647351496,42.357134,-71.185943,4,2022-01-01
912,2022,355.78306629834253,42.350468,-71.168767,4,2022-01-01
918,2022,412.02286372895895,42.349043,-71.154176,4,2022-01-01
925,2022,445.5581039755352,42.353091,-71.13843,4,2022-01-01
926,2022,361.73766005143654,42.353347,-71.136687,4,2022-01-01
931,2022,526.5004262120405,42.35214,-71.126219,4,2022-01-01
937,2022,545.4890965732087,42.350075,-71.108712,4,2022-01-01
954,2022,375.1497363419792,42.350453,-71.108831,4,2022-01-01
959,2022,442.2844919501013,42.352224,-71.123515,4,2022-01-01
964,2022,444.6946107784431,42.353344,-71.133875,4,2022-01-01
966,2022,499.7848974862727,42.353442,-71.137948,4,2022-01-01
973,2022,552.7555373039423,42.349206,-71.15404,4,2022-01-01
979,2022,548.1630875910447,42.350609,-71.168636,4,2022-01-01
987,2022,558.4353790963738,42.355606,-71.182247,4,2022-01-01
1051,2022,340.7167962551571,42.363248,-71.128518,4,2022-01-01
1077,2022,300.34327439702713,42.361858,-71.144012,4,2022-01-01
1111,2022,422.6514408602151,42.353931,-71.136365,4,2022-01-01
1160,2022,397.8568933802128,42.319449,-71.111798,4,2022-01-01
1165,2022,341.3913965087282,42.316446,-71.097563,4,2022-01-01
1190,2022,415.7202131277633,42.35889,-71.123853,4,2022-01-01
1195,2022,324.013818099445,42.354278,-71.135846,4,2022-01-01
1235,2022,319.24491105813314,42.343248,-71.072883,4,2022-01-01
1241,2022,388.3282428702852,42.351748,-71.067101,4,2022-01-01
1246,2022,313.32773333333336,42.343673,-71.072264,4,2022-01-01
1252,2022,376.6877502001601,42.33884,-71.081337,4,2022-01-01
1276,2022,388.6119542974079,42.339516,-71.135747,4,2022-01-01
1292,2022,568.9026811297585,42.339199,-71.135066,4,2022-01-01
1302,2022,307.6215350635008,42.350621,-71.131245,4,2022-01-01
1308,2022,328.8141710123334,42.342499,-71.121845,4,2022-01-01
1323,2022,407.78078607431075,42.331479,-71.095333,4,2022-01-01
1346,2022,369.82476943346506,42.317285,-71.086546,4,2022-01-01
1354,2022,358.67184605271024,42.310329,-71.091869,4,2022-01-01
1357,2022,307.3632456261193,42.33158,-71.095246,4,2022-01-01
1362,2022,325.5088823497357,42.333906,-71.103897,4,2022-01-01
1363,2022,341.5421466830246,42.333665,-71.105931,4,2022-01-01
1372,2022,390.830231292517,42.341909,-71.121143,4,2022-01-01
1378,2022,398.2145324014902,42.350034,-71.130722,4,2022-01-01
1520,2022,400.4736383442266,42.343808,-71.10228,4,2022-01-01
1521,2022,384.09100893614897,42.33851,-71.107918,4,2022-01-01
1525,2022,359.8885636221702,42.332805,-71.113834,4,2022-01-01
1526,2022,388.4323342220693,42.331857,-71.116931,4,2022-01-01
1533,2022,399.027585553133,42.329739,-71.128527,4,2022-01-01
1535,2022,426.4129981024668,42.326526,-71.143465,4,2022-01-01
1540,2022,450.61277804070045,42.32361,-71.163925,4,2022-01-01
1555,2022,387.47302063278414,42.331641,-71.116532,4,2022-01-01
1563,2022,514.5559750297265,42.346694,-71.098982,4,2022-01-01
1577,2022,315.6915724933878,42.32505,-71.075288,4,2022-01-01
1583,2022,360.1666466418359,42.314697,-71.078834,4,2022-01-01
1586,2022,378.3815268275117,42.310143,-71.082173,4,2022-01-01
1587,2022,344.5190091504269,42.303124,-71.08595,4,2022-01-01
1773,2022,375.0552127314063,42.349273,-71.109993,4,2022-01-01
1775,2022,571.4770104068117,42.346727,-71.105259,4,2022-01-01
1778,2022,646.4963075175157,42.340455,-71.105828,4,2022-01-01
1779,2022,371.29497005988026,42.338701,-71.107013,4,2022-01-01
1780,2022,675.5671077504726,42.337436,-71.104448,4,2022-01-01
1784,2022,439.5698157453936,42.337416,-71.095079,4,2022-01-01
1799,2022,503.5105291689254,42.337523,-71.095101,4,2022-01-01
1804,2022,532.5005054356501,42.339097,-71.106836,4,2022-01-01
1807,2022,387.5722703001289,42.345214,-71.104266,4,2022-01-01
1808,2022,384.40466849744996,42.3471,-71.105198,4,2022-01-01
1939,2022,378.79268375912824,42.309949,-71.115345,4,2022-01-01
1994,2022,578.5137626262626,42.346188,-71.152449,4,2022-01-01
2187,2022,316.18912703523137,42.390896,-71.156152,4,2022-01-01
2271,2022,344.0890636120243,42.397954,-71.130684,4,2022-01-01
2291,2022,399.606124527204,42.423592,-71.17585,4,2022-01-01
2321,2022,545.3871449925261,42.396361,-71.12889,4,2022-01-01
2531,2022,359.9746675491907,42.378346,-71.094513,4,2022-01-01
2561,2022,359.31640391332036,42.363592,-71.129142,4,2022-01-01
2910,2022,319.9302759823535,42.317228,-71.065045,4,2022-01-01
2913,2022,324.2139737991266,42.311271,-71.070413,4,2022-01-01
2919,2022,395.7955877283695,42.305519,-71.080507,4,2022-01-01
2925,2022,345.22701537787196,42.305402,-71.080253,4,2022-01-01
2931,2022,402.10455773866045,42.31118,-71.070077,4,2022-01-01
2933,2022,502.36560108059433,42.317122,-71.064572,4,2022-01-01
2935,2022,375.2851998399502,42.319915,-71.062177,4,2022-01-01
3128,2022,378.30783063593265,42.278324,-71.027046,4,2022-01-01
3136,2022,368.2887615409105,42.286979,-71.023727,4,2022-01-01
3476,2022,384.6109524609441,42.264971,-71.020386,4,2022-01-01
4526,2022,440.11403373046574,42.409969,-71.001815,4,2022-01-01
5089,2022,366.0360179612114,42.33556,-71.072264,4,2022-01-01
5091,2022,482.99488320355954,42.337629,-71.072068,4,2022-01-01
5790,2022,948.438596491228,42.409716,-71.010688,4,2022-01-01
6368,2022,442.4404416037188,42.267439,-71.094318,4,2022-01-01
6378,2022,373.9927455357143,42.2563,-71.12069,4,2022-01-01
6390,2022,494.0885323265691,42.256279,-71.120718,4,2022-01-01
6550,2022,648.0756550738447,42.352188,-71.057992,4,2022-01-01
6551,2022,364.89293807087626,42.355286,-71.056411,4,2022-01-01
6555,2022,450.235355743828,42.35068,-71.059655,4,2022-01-01
7542,2022,470.3054467782129,42.437407,-71.035521,4,2022-01-01
8476,2022,375.42735270594505,42.292343,-71.183913,4,2022-01-01
8486,2022,393.97018104366344,42.298252,-71.185078,4,2022-01-01
8495,2022,415.35045317220545,42.312107,-71.196478,4,2022-01-01
8504,2022,416.5976887933351,42.329848,-71.194786,4,2022-01-01
8511,2022,412.71517111290757,42.34502,-71.18996,4,2022-01-01
8815,2022,343.79398610334636,42.365985,-71.185281,4,2022-01-01
8949,2022,426.6869806094183,42.255436,-71.143062,4,2022-01-01
9434,2022,580.3637568642303,42.345304,-71.104558,4,2022-01-01
9441,2022,792.5258620689655,42.343746,-71.102093,4,2022-01-01
10006,2022,599.969801004514,42.335814,-71.070135,4,2022-01-01
10008,2022,567.635508075798,42.339915,-71.064356,4,2022-01-01
10015,2022,414.72335730630925,42.337402,-71.072162,4,2022-01-01
10590,2022,327.3602772608356,42.336621,-71.076956,4,2022-01-01
11241,2022,310.6178722206586,42.330107,-71.062519,4,2022-01-01
11384,2022,395.545531261987,42.347346,-71.075956,4,2022-01-01
11388,2022,354.7379699730527,42.345344,-71.082045,4,2022-01-01
11735,2022,345.7638425617078,42.290104,-71.082689,4,2022-01-01
11771,2022,450.23108925869894,42.36023,-71.094815,4,2022-01-01
11891,2022,337.43719298245617,42.357495,-71.056251,4,2022-01-01
12231,2022,601.8673013405868,42.363253,-71.089678,4,2022-01-01
12352,2022,337.8495991152889,42.405298,-71.164065,4,2022-01-01
13321,2022,651.6941838649155,42.316392,-71.083219,4,2022-01-01
15095,2022,483.7576311137301,42.345582,-71.064848,4,2022-01-01
19031,2022,392.94254113838684,42.355938,-71.185299,4,2022-01-01
21599,2022,425.16564417177915,42.35257,-71.047578,4,2022-01-01
21772,2022,484.57162293488824,42.354929,-71.10512,4,2022-01-01
21773,2022,536.4435170807453,42.360559,-71.093953,4,2022-01-01
22173,2022,475.1248815614933,42.353995,-71.104785,4,2022-01-01
29051,2022,411.50024344837465,42.327382,-71.061681,4,2022-01-01
30009,2022,311.1570117125673,42.327877,-71.067901,4,2022-01-01
30294,2022,407.4486128625473,42.339547,-71.057089,4,2022-01-01
31365,2022,368.11413153262345,42.326625,-71.111437,4,2022-01-01
34579,2022,395.7930773595612,42.363061,-71.088174,4,2022-01-01
36541,2022,440.71567096422734,42.343942,-71.065731,4,2022-01-01
41187,2022,329.09429388364,42.309302,-71.1048,4,2022-01-01
41391,2022,340.39092495637,42.340553,-71.088908,4,2022-01-01
49917,2022,401.94167066730677,42.479098,-71.151629,4,2022-01-01
49927,2022,420.5999522900763,42.468052,-71.178464,4,2022-01-01
71855,2022,658.6624985725705,42.348245,-71.076218,4,2022-01-01
77777,2022,348.17016988194644,42.332906,-71.081253,4,2022-01-01
85568,2022,673.9333333333333,42.277802,-71.167005,4,2022-01-01
91391,2022,374.34630972971576,42.336067,-71.100187,4,2022-01-01
7,2023,472.4679889722775,42.333043,-71.081108,4,2023-01-01
20,2023,573.6919060052219,42.335377,-71.045728,4,2023-01-01
21,2023,484.50466218885816,42.335423,-71.044136,4,2023-01-01
25,2023,537.0027825150346,42.335567,-71.03554,4,2023-01-01
58,2023,1034.0,42.334948,-71.074931,4,2023-01-01
59,2023,456.9950799132109,42.336295,-71.076941,4,2023-01-01
62,2023,458.3694064492171,42.332045,-71.081738,4,2023-01-01
79,2023,456.6506803138024,42.347671,-71.088092,4,2023-01-01
93,2023,440.5140619329866,42.348005,-71.088033,4,2023-01-01
97,2023,486.1179693648968,42.359349,-71.093716,4,2023-01-01
102,2023,532.4617597190263,42.365291,-71.103404,4,2023-01-01
108,2023,521.9669310963193,42.37027,-71.112998,4,2023-01-01
134,2023,561.3417593528817,42.320775,-71.061892,4,2023-01-01
157,2023,620.25,42.335582,-71.045971,4,2023-01-01
180,2023,615.8191601976006,42.31105,-71.05668,4,2023-01-01
187,2023,443.61724506956125,42.341553,-71.083328,4,2023-01-01
190,2023,543.8645680819913,42.358789,-71.056733,4,2023-01-01
236,2023,432.9725519287834,42.359022,-71.052369,4,2023-01-01
243,2023,465.1924422673198,42.348896,-71.039266,4,2023-01-01
258,2023,558.8064495114006,42.332673,-71.05098,4,2023-01-01
268,2023,616.3027210884354,42.331676,-71.029247,4,2023-01-01
419,2023,449.3100385700986,42.295595,-71.087913,4,2023-01-01
550,2023,692.3519835841313,42.305093,-71.076623,4,2023-01-01
552,2023,667.0827057373682,42.30382,-71.071992,4,2023-01-01
845,2023,453.8838709677419,42.280833,-71.158368,4,2023-01-01
918,2023,402.0342988693321,42.349043,-71.154176,4,2023-01-01
926,2023,384.2530115119867,42.353347,-71.136687,4,2023-01-01
931,2023,493.35629715612305,42.35214,-71.126219,4,2023-01-01
937,2023,514.3517047431288,42.350075,-71.108712,4,2023-01-01
959,2023,403.93097843438886,42.352224,-71.123515,4,2023-01-01
964,2023,558.7021276595744,42.353344,-71.133875,4,2023-01-01
966,2023,447.9386300322281,42.353442,-71.137948,4,2023-01-01
973,2023,492.6048125867654,42.349206,-71.15404,4,2023-01-01
979,2023,500.95786418015484,42.350609,-71.168636,4,2023-01-01
987,2023,503.60768054101925,42.355606,-71.182247,4,2023-01-01
1077,2023,406.72865971417536,42.361858,-71.144012,4,2023-01-01
1084,2023,470.8156447950281,42.349027,-71.153531,4,2023-01-01
1111,2023,489.1329148306875,42.353931,-71.136365,4,2023-01-01
1188,2023,475.1245388528601,42.315207,-71.097652,4,2023-01-01
1190,2023,443.6063172350652,42.35889,-71.123853,4,2023-01-01
1222,2023,431.0433173139369,42.331191,-71.094468,4,2023-01-01
1276,2023,404.0226604393703,42.339516,-71.135747,4,2023-01-01
1292,2023,620.8730837417875,42.339199,-71.135066,4,2023-01-01
1308,2023,399.13756506062634,42.342499,-71.121845,4,2023-01-01
1323,2023,495.7895133474392,42.331479,-71.095333,4,2023-01-01
1346,2023,468.7200225182961,42.317285,-71.086546,4,2023-01-01
1354,2023,452.9233845769279,42.310329,-71.091869,4,2023-01-01
1372,2023,460.2526207546631,42.341909,-71.121143,4,2023-01-01
1378,2023,477.0768747321811,42.350034,-71.130722,4,2023-01-01
1521,2023,404.6645249418193,42.33851,-71.107918,4,2023-01-01
1526,2023,468.4660263729375,42.331857,-71.116931,4,2023-01-01
1533,2023,407.23736263736265,42.329739,-71.128527,4,2023-01-01
1535,2023,438.0136580706781,42.326526,-71.143465,4,2023-01-01
1540,2023,465.88024066469296,42.32361,-71.163925,4,2023-01-01
1555,2023,443.29609835255934,42.331641,-71.116532,4,2023-01-01
1563,2023,534.609692866075,42.346694,-71.098982,4,2023-01-01
1577,2023,439.55724501317275,42.32505,-71.075288,4,2023-01-01
1583,2023,511.91543242528434,42.314697,-71.078834,4,2023-01-01
1586,2023,532.1736519041648,42.310143,-71.082173,4,2023-01-01
1741,2023,422.098786780852,42.309876,-71.091897,4,2023-01-01
1773,2023,463.88346515654985,42.349273,-71.109993,4,2023-01-01
1775,2023,696.9680060940773,42.346727,-71.105259,4,2023-01-01
1778,2023,781.983975581839,42.340455,-71.105828,4,2023-01-01
1779,2023,434.26442825077635,42.338701,-71.107013,4,2023-01-01
1780,2023,806.3379824226213,42.337436,-71.104448,4,2023-01-01
1784,2023,461.2165040232837,42.337416,-71.095079,4,2023-01-01
1787,2023,664.0,42.337524,-71.075479,4,2023-01-01
1799,2023,509.4992472794529,42.337523,-71.095101,4,2023-01-01
1804,2023,556.0547056686047,42.339097,-71.106836,4,2023-01-01
1807,2023,408.2901819560273,42.345214,-71.104266,4,2023-01-01
1808,2023,421.55626752102523,42.3471,-71.105198,4,2023-01-01
1994,2023,523.3091670041853,42.346188,-71.152449,4,2023-01-01
2271,2023,402.5089134723788,42.397954,-71.130684,4,2023-01-01
2291,2023,450.1749971792847,42.423592,-71.17585,4,2023-01-01
2439,2023,409.1411698537683,42.373018,-71.100107,4,2023-01-01
2460,2023,435.6617268041237,42.388534,-71.118917,4,2023-01-01
2561,2023,420.6035045559227,42.363592,-71.129142,4,2023-01-01
2591,2023,417.7266966098566,42.383284,-71.107022,4,2023-01-01
2919,2023,444.11444239852693,42.305519,-71.080507,4,2023-01-01
2931,2023,465.5815503992768,42.31118,-71.070077,4,2023-01-01
4404,2023,447.8662262592898,42.258447,-71.081447,4,2023-01-01
5091,2023,482.8086042532388,42.337629,-71.072068,4,2023-01-01
5093,2023,686.0,42.341308,-71.069417,4,2023-01-01
5790,2023,1090.391812865497,42.409716,-71.010688,4,2023-01-01
6550,2023,696.4271268637466,42.352188,-71.057992,4,2023-01-01
6555,2023,438.9828214759169,42.35068,-71.059655,4,2023-01-01
7828,2023,459.8618055555556,42.345698,-71.257536,4,2023-01-01
7838,2023,542.6743809303402,42.357715,-71.23961,4,2023-01-01
8394,2023,399.675799086758,42.283723,-71.169493,4,2023-01-01
8476,2023,453.42013191855466,42.292343,-71.183913,4,2023-01-01
8486,2023,479.75028604118995,42.298252,-71.185078,4,2023-01-01
8495,2023,528.7966046359778,42.312107,-71.196478,4,2023-01-01
8504,2023,503.03883774453396,42.329848,-71.194786,4,2023-01-01
8511,2023,487.5513078470825,42.34502,-71.18996,4,2023-01-01
8522,2023,412.00027987685417,42.344935,-71.19017,4,2023-01-01
8528,2023,416.04977628635345,42.32989,-71.19488,4,2023-01-01
8537,2023,405.74614738021853,42.312077,-71.196618,4,2023-01-01
8815,2023,437.8615655161132,42.365985,-71.185281,4,2023-01-01
8825,2023,436.5031894013739,42.374606,-71.210156,4,2023-01-01
8949,2023,506.55882352941177,42.255436,-71.143062,4,2023-01-01
9434,2023,706.3857414448669,42.345304,-71.104558,4,2023-01-01
9441,2023,705.3721294363256,42.343746,-71.102093,4,2023-01-01
10006,2023,762.6724484665662,42.335814,-71.070135,4,2023-01-01
10008,2023,717.500912121784,42.339915,-71.064356,4,2023-01-01
11384,2023,455.5898316168056,42.347346,-71.075956,4,2023-01-01
11735,2023,588.6836372247218,42.290104,-71.082689,4,2023-01-01
11771,2023,534.3108031137269,42.36023,-71.094815,4,2023-01-01
11891,2023,537.127286027798,42.357495,-71.056251,4,2023-01-01
12231,2023,626.129552238806,42.363253,-71.089678,4,2023-01-01
12352,2023,422.78661604176557,42.405298,-71.164065,4,2023-01-01
13321,2023,584.5139784946236,42.316392,-71.083219,4,2023-01-01
13618,2023,432.24497270899167,42.24757,-71.173924,4,2023-01-01
15095,2023,541.4669392448732,42.345582,-71.064848,4,2023-01-01
19031,2023,471.0129384703853,42.355938,-71.185299,4,2023-01-01
21772,2023,508.780230708035,42.354929,-71.10512,4,2023-01-01
21773,2023,567.6904240493728,42.360559,-71.093953,4,2023-01-01
22173,2023,567.1291674604687,42.353995,-71.104785,4,2023-01-01
29051,2023,476.8284961811957,42.327382,-71.061681,4,2023-01-01
30294,2023,450.3055705422174,42.339547,-71.057089,4,2023-01-01
34509,2023,556.4,42.349099,-71.096313,4,2023-01-01
34579,2023,488.29124004550624,42.363061,-71.088174,4,2023-01-01
36541,2023,518.8789306369451,42.343942,-71.065731,4,2023-01-01
65541,2023,531.2538980684199,42.345765,-71.233474,4,2023-01-01
65547,2023,581.2443208159481,42.347531,-71.245414,4,2023-01-01
71855,2023,589.9347502105877,42.348245,-71.076218,4,2023-01-01
7,2024,420.25726356359326,42.333043,-71.081108,0,2024-01-01
8,2024,394.9135135135135,42.331202,-71.070724,0,2024-01-01
20,2024,558.1979727589484,42.335377,-71.045728,0,2024-01-01
21,2024,475.05650632130744,42.335423,-71.044136,0,2024-01-01
25,2024,535.2623390399858,42.335567,-71.03554,0,2024-01-01
58,2024,414.75555555555553,42.334948,-71.074931,0,2024-01-01
59,2024,445.16783416273097,42.336295,-71.076941,0,2024-01-01
62,2024,467.36132250431666,42.332045,-71.081738,0,2024-01-01
75,2024,366.7246815286624,42.358673,-71.093551,0,2024-01-01
79,2024,437.21118091249446,42.347671,-71.088092,0,2024-01-01
93,2024,386.19732192672495,42.348005,-71.088033,0,2024-01-01
97,2024,410.8275101711233,42.359349,-71.093716,0,2024-01-01
102,2024,447.71582644371233,42.365291,-71.103404,0,2024-01-01
108,2024,437.06188134221503,42.37027,-71.112998,0,2024-01-01
128,2024,360.7142857142857,42.327984,-71.067744,0,2024-01-01
134,2024,375.3884356790677,42.320775,-71.061892,0,2024-01-01
136,2024,372.0348258706468,42.32095,-71.056004,0,2024-01-01
150,2024,358.0151274654594,42.342556,-71.057015,0,2024-01-01
151,2024,397.3243575896109,42.342664,-71.056949,0,2024-01-01
180,2024,386.1023158694002,42.31105,-71.05668,0,2024-01-01
187,2024,448.2909765848087,42.341553,-71.083328,0,2024-01-01
188,2024,354.75272185861843,42.34157,-71.083092,0,2024-01-01
190,2024,622.1247550620509,42.358789,-71.056733,0,2024-01-01
214,2024,413.01835443037976,42.351012,-71.043647,0,2024-01-01
236,2024,461.01773981603156,42.359022,-71.052369,0,2024-01-01
258,2024,438.1307313642757,42.332673,-71.05098,0,2024-01-01
268,2024,460.62327989785786,42.331676,-71.029247,0,2024-01-01
286,2024,384.369453559709,42.332782,-71.050957,0,2024-01-01
325,2024,350.36092715231786,42.298197,-71.060956,0,2024-01-01
362,2024,420.1200429546675,42.318764,-71.063583,0,2024-01-01
378,2024,309.09992518622124,42.294378,-71.086043,0,2024-01-01
383,2024,426.7596016126465,42.302768,-71.085185,0,2024-01-01
386,2024,423.39918377442496,42.310509,-71.083162,0,2024-01-01
390,2024,406.77307086226426,42.316257,-71.082891,0,2024-01-01
396,2024,449.66163849438004,42.325547,-71.083166,0,2024-01-01
407,2024,413.3874782081407,42.316227,-71.083032,0,2024-01-01
412,2024,419.13035757018525,42.310421,-71.083262,0,2024-01-01
415,2024,483.0556142775835,42.303293,-71.08537,0,2024-01-01
419,2024,526.8002325957985,42.295595,-71.087913,0,2024-01-01
426,2024,453.18379808933645,42.289943,-71.069975,0,2024-01-01
463,2024,344.5357604295271,42.299691,-71.073911,0,2024-01-01
468,2024,453.49545184051686,42.305459,-71.0807,0,2024-01-01
473,2024,390.9780603769262,42.305298,-71.080324,0,2024-01-01
478,2024,435.7279291013081,42.299101,-71.073547,0,2024-01-01
536,2024,454.88235294117646,42.282077,-71.065378,0,2024-01-01
543,2024,324.9423528678045,42.284982,-71.092672,0,2024-01-01
546,2024,330.761537181141,42.298585,-71.101828,0,2024-01-01
550,2024,349.30817028027496,42.305093,-71.076623,0,2024-01-01
552,2024,380.17660277594183,42.30382,-71.071992,0,2024-01-01
571,2024,344.9634919256815,42.272456,-71.068104,0,2024-01-01
574,2024,453.3215324927255,42.271399,-71.074869,0,2024-01-01
588,2024,385.0905243790248,42.271295,-71.074811,0,2024-01-01
763,2024,394.3212070610687,42.26028,-71.158587,0,2024-01-01
787,2024,421.2204792662808,42.285932,-71.147524,0,2024-01-01
810,2024,465.97811550151977,42.280549,-71.158246,0,2024-01-01
812,2024,445.8141632837167,42.278223,-71.160401,0,2024-01-01
821,2024,472.8381107213143,42.27898,-71.159417,0,2024-01-01
831,2024,540.6365315783397,42.260813,-71.159719,0,2024-01-01
845,2024,567.9757679180888,42.280833,-71.158368,0,2024-01-01
931,2024,355.54436220897134,42.35214,-71.126219,0,2024-01-01
937,2024,398.5877100997693,42.350075,-71.108712,0,2024-01-01
966,2024,347.0554759697761,42.353442,-71.137948,0,2024-01-01
973,2024,357.0117900197483,42.349206,-71.15404,0,2024-01-01
979,2024,368.5134199659947,42.350609,-71.168636,0,2024-01-01
1077,2024,376.7477028463446,42.361858,-71.144012,0,2024-01-01
1084,2024,425.46263110578366,42.349027,-71.153531,0,2024-01-01
1160,2024,424.6299932131084,42.319449,-71.111798,0,2024-01-01
1165,2024,374.0518246325393,42.316446,-71.097563,0,2024-01-01
1187,2024,390.56416221314055,42.315596,-71.098606,0,2024-01-01
1188,2024,537.9485986720198,42.315207,-71.097652,0,2024-01-01
1222,2024,511.45158048306047,42.331191,-71.094468,0,2024-01-01
1241,2024,388.1559684684685,42.351748,-71.067101,0,2024-01-01
1252,2024,398.6453076268784,42.33884,-71.081337,0,2024-01-01
1292,2024,426.36725348529563,42.339199,-71.135066,0,2024-01-01
1325,2024,321.44076317383406,42.31045,-71.091588,0,2024-01-01
1332,2024,346.1497637222828,42.31687,-71.086525,0,2024-01-01
1346,2024,543.8980009932952,42.317285,-71.086546,0,2024-01-01
1354,2024,536.2876984126984,42.310329,-71.091869,0,2024-01-01
1363,2024,414.62142304717713,42.333665,-71.105931,0,2024-01-01
1480,2024,368.4279506075608,42.316363,-71.065765,0,2024-01-01
1497,2024,372.7660417782539,42.325078,-71.074964,0,2024-01-01
1504,2024,452.8570905459388,42.314891,-71.065955,0,2024-01-01
1508,2024,374.18652752755094,42.311094,-71.062621,0,2024-01-01
1515,2024,391.15513468648606,42.303753,-71.071158,0,2024-01-01
1521,2024,345.3725226571059,42.33851,-71.107918,0,2024-01-01
1525,2024,374.68455395403197,42.332805,-71.113834,0,2024-01-01
1533,2024,415.6164745890799,42.329739,-71.128527,0,2024-01-01
1535,2024,436.88799621928166,42.326526,-71.143465,0,2024-01-01
1540,2024,452.773663328925,42.32361,-71.163925,0,2024-01-01
1563,2024,393.3429602888087,42.346694,-71.098982,0,2024-01-01
1576,2024,334.6930060094617,42.324862,-71.075227,0,2024-01-01
1577,2024,500.0691370063384,42.32505,-71.075288,0,2024-01-01
1583,2024,533.667616598318,42.314697,-71.078834,0,2024-01-01
1586,2024,558.7105828539746,42.310143,-71.082173,0,2024-01-01
1587,2024,343.54911433172305,42.303124,-71.08595,0,2024-01-01
1714,2024,440.31249043084176,42.27986,-71.093154,0,2024-01-01
1728,2024,356.88232102531015,42.279387,-71.09285,0,2024-01-01
1731,2024,407.8504758048188,42.284302,-71.091264,0,2024-01-01
1737,2024,448.8183506780998,42.29572,-71.087487,0,2024-01-01
1741,2024,461.288183257795,42.309876,-71.091897,0,2024-01-01
1773,2024,452.24303441816903,42.349273,-71.109993,0,2024-01-01
1775,2024,576.7524623675897,42.346727,-71.105259,0,2024-01-01
1777,2024,510.69444444444446,42.342351,-71.103831,0,2024-01-01
1778,2024,621.0326370757181,42.340455,-71.105828,0,2024-01-01
1779,2024,373.5233262601101,42.338701,-71.107013,0,2024-01-01
1780,2024,656.1602014173816,42.337436,-71.104448,0,2024-01-01
1799,2024,403.61452561955076,42.337523,-71.095101,0,2024-01-01
1804,2024,434.81611077751694,42.339097,-71.106836,0,2024-01-01
1806,2024,670.2933333333333,42.342626,-71.103291,0,2024-01-01
1807,2024,396.86782861292664,42.345214,-71.104266,0,2024-01-01
1808,2024,411.54743687834736,42.3471,-71.105198,0,2024-01-01
1939,2024,421.03735509817835,42.309949,-71.115345,0,2024-01-01
1994,2024,371.23937742168516,42.346188,-71.152449,0,2024-01-01
2187,2024,385.4352365722886,42.390896,-71.156152,0,2024-01-01
2271,2024,403.65807304017886,42.397954,-71.130684,0,2024-01-01
2277,2024,393.24276427797554,42.406066,-71.142554,0,2024-01-01
2439,2024,465.08743778960013,42.373018,-71.100107,0,2024-01-01
2441,2024,452.6385387188063,42.369626,-71.100892,0,2024-01-01
2451,2024,379.0669243986254,42.373437,-71.100422,0,2024-01-01
2460,2024,479.75877456448984,42.388534,-71.118917,0,2024-01-01
2510,2024,399.74753070290046,42.379996,-71.096698,0,2024-01-01
2591,2024,427.1405738736471,42.383284,-71.107022,0,2024-01-01
2634,2024,399.00502527505205,42.403375,-71.127338,0,2024-01-01
2805,2024,367.1215309545593,42.275836,-71.125869,0,2024-01-01
2812,2024,393.183993902439,42.265268,-71.128517,0,2024-01-01
2919,2024,371.15611328574715,42.305519,-71.080507,0,2024-01-01
2922,2024,336.6641957275881,42.301806,-71.086667,0,2024-01-01
2925,2024,393.0301735254025,42.305402,-71.080253,0,2024-01-01
2931,2024,452.13268501123514,42.31118,-71.070077,0,2024-01-01
2933,2024,378.2978695595347,42.317122,-71.064572,0,2024-01-01
2935,2024,414.9597017834519,42.319915,-71.062177,0,2024-01-01
3087,2024,360.7312466983624,42.297282,-71.056364,0,2024-01-01
3199,2024,525.515625,42.255884,-71.008922,0,2024-01-01
3359,2024,389.11625615763546,42.25795,-71.039279,0,2024-01-01
3366,2024,351.59755845230706,42.27134,-71.047728,0,2024-01-01
3391,2024,586.8739424703891,42.257936,-71.039704,0,2024-01-01
4144,2024,562.455857385399,42.257995,-71.081128,0,2024-01-01
4147,2024,345.6252572212484,42.252277,-71.075258,0,2024-01-01
4344,2024,579.1826677994902,42.248574,-71.069046,0,2024-01-01
4364,2024,492.37977909940525,42.248469,-71.069021,0,2024-01-01
4404,2024,587.5435153583618,42.258447,-71.081447,0,2024-01-01
4498,2024,453.30459161147905,42.420606,-71.003376,0,2024-01-01
5089,2024,364.63102100947987,42.33556,-71.072264,0,2024-01-01
5091,2024,451.60348052370495,42.337629,-71.072068,0,2024-01-01
5790,2024,543.9076086956521,42.409716,-71.010688,0,2024-01-01
6298,2024,505.8888888888889,42.420836,-71.119899,0,2024-01-01
6366,2024,354.8572243888519,42.267383,-71.094186,0,2024-01-01
6368,2024,479.12839728217426,42.267439,-71.094318,0,2024-01-01
6390,2024,452.46981311371553,42.256279,-71.120718,0,2024-01-01
6459,2024,411.2500683495853,42.279886,-71.118724,0,2024-01-01
6550,2024,472.0889961693866,42.352188,-71.057992,0,2024-01-01
6555,2024,392.32435050136735,42.35068,-71.059655,0,2024-01-01
7828,2024,483.2153209109731,42.345698,-71.257536,0,2024-01-01
7859,2024,519.5094466936572,42.378014,-71.235172,0,2024-01-01
8803,2024,431.92905360688286,42.28645,-71.044017,0,2024-01-01
8815,2024,414.40138934560997,42.365985,-71.185281,0,2024-01-01
8949,2024,794.0,42.255436,-71.143062,0,2024-01-01
9434,2024,586.9363839285714,42.345304,-71.104558,0,2024-01-01
9441,2024,394.26024335733797,42.343746,-71.102093,0,2024-01-01
10006,2024,641.2669743330383,42.335814,-71.070135,0,2024-01-01
10008,2024,608.6204324187635,42.339915,-71.064356,0,2024-01-01
10015,2024,356.03922689844467,42.337402,-71.072162,0,2024-01-01
10413,2024,344.24995653433785,42.314898,-71.097377,0,2024-01-01
11384,2024,498.0986631673911,42.347346,-71.075956,0,2024-01-01
11388,2024,413.0305540681009,42.345344,-71.082045,0,2024-01-01
11531,2024,391.4003535027136,42.323074,-71.099546,0,2024-01-01
11599,2024,479.6184041184041,42.352561,-71.046914,0,2024-01-01
11712,2024,440.7324723811855,42.284143,-71.091674,0,2024-01-01
11735,2024,618.6411174785101,42.290104,-71.082689,0,2024-01-01
11771,2024,454.947064305685,42.36023,-71.094815,0,2024-01-01
11803,2024,341.2734560327198,42.338207,-71.105846,0,2024-01-01
11809,2024,524.1339354342813,42.348846,-71.108581,0,2024-01-01
11891,2024,630.7692810457517,42.357495,-71.056251,0,2024-01-01
12231,2024,570.80920654149,42.363253,-71.089678,0,2024-01-01
12352,2024,424.875177037107,42.405298,-71.164065,0,2024-01-01
13321,2024,683.3190883190883,42.316392,-71.083219,0,2024-01-01
13400,2024,410.0652068126521,42.250367,-71.038385,0,2024-01-01
15095,2024,455.08645007367903,42.345582,-71.064848,0,2024-01-01
16434,2024,414.27414616232096,42.278578,-71.11613,0,2024-01-01
17391,2024,393.32418837348416,42.306637,-71.087686,0,2024-01-01
17411,2024,416.29217396149664,42.309682,-71.092111,0,2024-01-01
21148,2024,380.25263367406416,42.331345,-71.093318,0,2024-01-01
21772,2024,483.33301380368096,42.354929,-71.10512,0,2024-01-01
21773,2024,518.3873388493362,42.360559,-71.093953,0,2024-01-01
22173,2024,472.11376798057165,42.353995,-71.104785,0,2024-01-01
22751,2024,393.2394024613638,42.401469,-71.136788,0,2024-01-01
23406,2024,553.9778534923339,42.244334,-71.010231,0,2024-01-01
29051,2024,449.86252442553615,42.327382,-71.061681,0,2024-01-01
30009,2024,426.34928375495275,42.327877,-71.067901,0,2024-01-01
30294,2024,413.53225012309207,42.339547,-71.057089,0,2024-01-01
31365,2024,427.6567618828668,42.326625,-71.111437,0,2024-01-01
34509,2024,485.73825503355704,42.349099,-71.096313,0,2024-01-01
34579,2024,435.1637077181835,42.363061,-71.088174,0,2024-01-01
36541,2024,486.96480721599943,42.343942,-71.065731,0,2024-01-01
40001,2024,400.6374764487582,42.325557,-71.083487,0,2024-01-01
41187,2024,411.1949792374481,42.309302,-71.1048,0,2024-01-01
41391,2024,405.8306382978723,42.340553,-71.088908,0,2024-01-01
71855,2024,386.97581022385566,42.348245,-71.076218,0,2024-01-01
77777,2024,393.88818919675344,42.332906,-71.081253,0,2024-01-01
91391,2024,403.3415742963682,42.336067,-71.100187,0,2024-01-01
96459,2024,416.9288386096159,42.278688,-71.116096,0,2024-01-01
